-- phpMyAdmin SQL Dump
-- version 5.2.1
-- https://www.phpmyadmin.net/
--
-- Servidor: 127.0.0.1
-- Tiempo de generación: 26-11-2024 a las 09:50:35
-- Versión del servidor: 10.4.32-MariaDB
-- Versión de PHP: 8.2.12

SET SQL_MODE = "NO_AUTO_VALUE_ON_ZERO";
START TRANSACTION;
SET time_zone = "+00:00";


/*!40101 SET @OLD_CHARACTER_SET_CLIENT=@@CHARACTER_SET_CLIENT */;
/*!40101 SET @OLD_CHARACTER_SET_RESULTS=@@CHARACTER_SET_RESULTS */;
/*!40101 SET @OLD_COLLATION_CONNECTION=@@COLLATION_CONNECTION */;
/*!40101 SET NAMES utf8mb4 */;

--
-- Base de datos: `ecommerce-php`
--

-- --------------------------------------------------------

--
-- Estructura de tabla para la tabla `admins`
--

CREATE TABLE `admins` (
  `id_admin` int(11) NOT NULL,
  `rol_admin` text DEFAULT NULL,
  `name_admin` text DEFAULT NULL,
  `email_admin` text DEFAULT NULL,
  `password_admin` text DEFAULT NULL,
  `token_admin` text DEFAULT NULL,
  `token_exp_admin` text DEFAULT NULL,
  `date_created_admin` date DEFAULT NULL,
  `date_updated_admin` timestamp NOT NULL DEFAULT current_timestamp() ON UPDATE current_timestamp()
) ENGINE=InnoDB DEFAULT CHARSET=utf8 COLLATE=utf8_general_ci;

--
-- Volcado de datos para la tabla `admins`
--

INSERT INTO `admins` (`id_admin`, `rol_admin`, `name_admin`, `email_admin`, `password_admin`, `token_admin`, `token_exp_admin`, `date_created_admin`, `date_updated_admin`) VALUES
(1, 'admin', 'Jose Tienda', 'admin@ecommerce.com', '$2a$07$azybxcags23425sdg23sdeanQZqjaf6Birm2NvcYTNtJw24CsO5uq', 'eyJ0eXAiOiJKV1QiLCJhbGciOiJIUzI1NiJ9.eyJpYXQiOjE3MzI2MDU2NjEsImV4cCI6MTczMjY5MjA2MSwiZGF0YSI6eyJpZCI6MSwiZW1haWwiOiJhZG1pbkBlY29tbWVyY2UuY29tIn19.el0NJlM_z7fNFMgoQtqpFikDtsdm90jANZMuLhdsZbw', '1732692061', '2024-09-01', '2024-11-26 07:21:01');

-- --------------------------------------------------------

--
-- Estructura de tabla para la tabla `categories`
--

CREATE TABLE `categories` (
  `id_category` int(11) NOT NULL,
  `name_category` text DEFAULT NULL,
  `url_category` text DEFAULT NULL,
  `icon_category` text DEFAULT NULL,
  `image_category` text DEFAULT NULL,
  `description_category` text DEFAULT NULL,
  `keywords_category` text DEFAULT NULL,
  `subcategories_category` int(11) DEFAULT 0,
  `products_category` int(11) DEFAULT 0,
  `views_category` int(11) DEFAULT 0,
  `status_category` int(11) DEFAULT 1,
  `date_created_category` date DEFAULT NULL,
  `date_updated_category` timestamp NOT NULL DEFAULT current_timestamp() ON UPDATE current_timestamp()
) ENGINE=InnoDB DEFAULT CHARSET=utf8 COLLATE=utf8_general_ci;

--
-- Volcado de datos para la tabla `categories`
--

INSERT INTO `categories` (`id_category`, `name_category`, `url_category`, `icon_category`, `image_category`, `description_category`, `keywords_category`, `subcategories_category`, `products_category`, `views_category`, `status_category`, `date_created_category`, `date_updated_category`) VALUES
(1, 'Ropa', 'ropa', 'fas fa-tshirt', 'ropa.jpg', 'Lorem ipsum dolor sit amet, consectetur adipiscing elit. Donec quis finibus elit, a congue nulla. Donec suscipit sit amet lacus ut porta. Mauris lacinia tellus sit amet ipsum egestas aliquam. Pellentesque fringilla dui a tempor ultricies. Morbi mauris lectus, iaculis sit amet vulputate vel, vehicula quis nisi. Proin ultrices orci in nisl scelerisque lacinia. Nullam condimentum metus ac molestie tincidunt. Praesent in eros magna. Maecenas nec sem sem. Interdum et malesuada fames ac ante ipsum primis in faucibus.', 'ropa,camisas,pantalones,blusas,faldas', 4, 18, 0, 1, '2024-11-26', '2024-11-26 01:44:48'),
(2, 'Calzado', 'calzado', 'fas fa-shoe-prints', 'calzado.jpg', 'Praesent a imperdiet velit, consectetur ullamcorper tellus. Nam suscipit suscipit sem, a tincidunt ex placerat eu. Nunc tristique mauris bibendum metus convallis porta. Maecenas fermentum tortor eu dolor efficitur, vitae lobortis felis rutrum. Proin dictum purus nec congue blandit. Vivamus rutrum consequat eros at placerat. Nullam sollicitudin, erat a rhoncus ullamcorper, nunc lorem varius quam, at rutrum turpis neque a leo.', 'calzado,tennis,chanclas,sandalias', 4, 4, 0, 1, '2024-11-26', '2024-11-26 08:30:21'),
(3, 'Tecnología', 'tecnologia', 'fas fa-laptop', 'tecnologia.jpg', 'Nullam commodo elementum ante at volutpat. Nullam mauris enim, pretium a elit eu, venenatis tempus justo. Vestibulum ante ipsum primis in faucibus orci luctus et ultrices posuere cubilia curae; Aenean fringilla, orci sed tincidunt aliquam, magna magna scelerisque augue, quis tristique ipsum lacus sed urna. Nunc eleifend cursus diam, id congue velit dapibus quis. Etiam commodo viverra erat, sed condimentum orci pharetra et. Vivamus gravida magna non magna faucibus maximus. Suspendisse ut pellentesque turpis. Quisque convallis pellentesque erat, vel pulvinar ex ultricies quis.', 'pc,portatil,ordenador,servidor', 4, 0, 0, 1, '2024-11-26', '2024-11-26 00:22:15'),
(4, 'Cursos', 'cursos', 'fas fa-graduation-cap', 'cursos.jpg', 'Praesent dapibus sapien ante. Praesent eleifend lectus et ligula consequat facilisis. Nullam luctus felis quam, sit amet vehicula nisi ullamcorper et. Interdum et malesuada fames ac ante ipsum primis in faucibus. Quisque neque diam, eleifend et mauris non, sollicitudin iaculis tellus. Pellentesque quis fringilla felis, eu gravida quam. Nunc ullamcorper nisl quam. Morbi sapien nisl, hendrerit at gravida eget, suscipit vel ligula.', 'cursos,tutorias,tutoriales,virtualidad', 4, 18, 0, 1, '2024-11-26', '2024-11-26 02:30:59'),
(5, 'Accesorios', 'accesorios', 'fas fa-anchor', 'accesorios.jpg', 'Nullam auctor eget dolor a sollicitudin. Quisque dictum turpis facilisis ipsum efficitur, euismod auctor justo rutrum. Sed pellentesque, lorem ut tincidunt auctor, diam mauris cursus sapien, vel interdum arcu erat eu arcu. Donec vulputate quis risus ac sollicitudin. Curabitur lacinia nunc lorem, et consequat turpis sollicitudin vel. Duis dui justo, laoreet eu arcu a, pharetra volutpat justo. Pellentesque sollicitudin porttitor elementum. Cras luctus molestie imperdiet. Fusce dictum vestibulum est, eget efficitur ligula volutpat quis. Etiam vel vehicula diam. Aenean elit dui, blandit at enim quis, dictum consequat turpis. Pellentesque sagittis sem ut blandit tristique. Aenean nec nunc tempus, commodo sem vitae, lobortis ipsum.', 'accesorios,lorem,ipsum', 1, 4, 0, 1, '2024-11-26', '2024-11-26 02:36:42');

-- --------------------------------------------------------

--
-- Estructura de tabla para la tabla `products`
--

CREATE TABLE `products` (
  `id_product` int(11) NOT NULL,
  `id_category_product` int(11) NOT NULL DEFAULT 0,
  `id_subcategory_product` int(11) NOT NULL DEFAULT 0,
  `name_product` text DEFAULT NULL,
  `url_product` text DEFAULT NULL,
  `image_product` text DEFAULT NULL,
  `description_product` text DEFAULT NULL,
  `keywords_product` text DEFAULT NULL,
  `info_product` longtext DEFAULT NULL,
  `views_product` int(11) NOT NULL DEFAULT 0,
  `status_product` int(11) NOT NULL DEFAULT 1,
  `date_created_product` date DEFAULT NULL,
  `date_updated_product` timestamp NOT NULL DEFAULT current_timestamp() ON UPDATE current_timestamp()
) ENGINE=InnoDB DEFAULT CHARSET=utf8 COLLATE=utf8_general_ci;

--
-- Volcado de datos para la tabla `products`
--

INSERT INTO `products` (`id_product`, `id_category_product`, `id_subcategory_product`, `name_product`, `url_product`, `image_product`, `description_product`, `keywords_product`, `info_product`, `views_product`, `status_product`, `date_created_product`, `date_updated_product`) VALUES
(1, 1, 1, 'Conjunto 1 Ropa Dama 1', 'conjunto-1-ropa-dama-1', 'conjunto-1-ropa-dama-1.jpg', 'Praesent a imperdiet velit, consectetur ullamcorper tellus. Nam suscipit suscipit sem, a tincidunt ex placerat eu. Nunc tristique mauris bibendum metus convallis porta. Maecenas fermentum tortor eu dolor efficitur, vitae lobortis felis rutrum. Proin dictum purus nec congue blandit. Vivamus rutrum consequat eros at placerat.', 'ropa,dama,lorem,ipsum', '<p><img src=\"/views/assets/css/plugins/summernote/img/blank.gif\" class=\"img\" style=\"display:inline-block;width:25px;height:25px;background:url(\'/views/assets/css/plugins/summernote/img/emoji_spritesheet_0.png\') -250px -150px no-repeat;background-size:675px 175px;\" alt=\":heart:\"><span style=\"color: rgb(0, 0, 0); font-family: \" open=\"\" sans\",=\"\" arial,=\"\" sans-serif;=\"\" font-size:=\"\" 14px;=\"\" text-align:=\"\" justify;\"=\"\">Lorem ipsum dolor sit amet, consectetur adipiscing elit. Donec eget aliquam urna, eu pharetra nisi. Maecenas lacinia tristique tincidunt. Aliquam in auctor metus. Pellentesque neque ante, rutrum ut est at, lacinia aliquet neque. Donec vitae ex orci.</span><img src=\"/views/assets/css/plugins/summernote/img/blank.gif\" class=\"img\" style=\"display:inline-block;width:25px;height:25px;background:url(\'/views/assets/css/plugins/summernote/img/emoji_spritesheet_0.png\') -75px -75px no-repeat;background-size:675px 175px;\" alt=\":see_no_evil:\"></p><p><img src=\"/views/assets/img/products/conjunto-1-ropa-dama-1/2159094410.jpg\" style=\"width: 100%;\" class=\"img-fluid\"><span style=\"color: rgb(0, 0, 0); font-family: \" open=\"\" sans\",=\"\" arial,=\"\" sans-serif;=\"\" font-size:=\"\" 14px;=\"\" text-align:=\"\" justify;\"=\"\"><br></span></p><p><span style=\"color: rgb(0, 0, 0); font-family: \" open=\"\" sans\",=\"\" arial,=\"\" sans-serif;=\"\" font-size:=\"\" 14px;=\"\" text-align:=\"\" justify;\"=\"\"> Duis vehicula vehicula lacus, vel congue eros ultrices vel. Nam posuere elit ut ligula venenatis volutpat. Nullam ac lectus vel felis pretium auctor a ac massa. </span></p><p><span style=\"color: rgb(0, 0, 0); font-family: \" open=\"\" sans\",=\"\" arial,=\"\" sans-serif;=\"\" font-size:=\"\" 14px;=\"\" text-align:=\"\" justify;\"=\"\"><b>Fusce in fringilla ante. Vestibulum auctor accumsan dui, non pharetra urna gravida id. Sed in felis et urna posuere egestas vel feugiat eros. </b></span></p><p><span style=\"color: rgb(0, 0, 0); font-family: \" open=\"\" sans\",=\"\" arial,=\"\" sans-serif;=\"\" font-size:=\"\" 14px;=\"\" text-align:=\"\" justify;\"=\"\">Nunc malesuada, nibh id venenatis eleifend, mi augue rutrum purus, dignissim luctus justo lorem non risus. Nulla iaculis metus non justo consequat, ac placerat arcu fringilla. Praesent nec consectetur nunc. Aenean sollicitudin, diam vel mollis semper, est est tincidunt ligula, et accumsan mi risus quis erat. Nulla sagittis ex a consectetur mollis.</span>                                    \r\n           </p>', 5, 1, '2024-11-26', '2024-11-26 07:44:35'),
(2, 1, 1, 'Conjunto 2 Ropa Dama 1', 'conjunto-2-ropa-dama-1', 'conjunto-2-ropa-dama-1.jpg', 'Praesent a imperdiet velit, consectetur ullamcorper tellus. Nam suscipit suscipit sem, a tincidunt ex placerat eu. Nunc tristique mauris bibendum metus convallis porta. Maecenas fermentum tortor eu dolor efficitur, vitae lobortis felis rutrum. Proin dictum purus nec congue blandit. Vivamus rutrum consequat eros at placerat.', 'ropa,dama,lorem,ipsum', '<p><img src=\"/views/assets/css/plugins/summernote/img/blank.gif\" class=\"img\" style=\"display:inline-block;width:25px;height:25px;background:url(\'/views/assets/css/plugins/summernote/img/emoji_spritesheet_0.png\') -250px -150px no-repeat;background-size:675px 175px;\" alt=\":heart:\"><span style=\"color: rgb(0, 0, 0); font-family: \" open=\"\" sans\",=\"\" arial,=\"\" sans-serif;=\"\" font-size:=\"\" 14px;=\"\" text-align:=\"\" justify;\"=\"\">Lorem ipsum dolor sit amet, consectetur adipiscing elit. Donec eget aliquam urna, eu pharetra nisi. Maecenas lacinia tristique tincidunt. Aliquam in auctor metus. Pellentesque neque ante, rutrum ut est at, lacinia aliquet neque. Donec vitae ex orci.</span><img src=\"/views/assets/css/plugins/summernote/img/blank.gif\" class=\"img\" style=\"display:inline-block;width:25px;height:25px;background:url(\'/views/assets/css/plugins/summernote/img/emoji_spritesheet_0.png\') -75px -75px no-repeat;background-size:675px 175px;\" alt=\":see_no_evil:\"></p><p><img src=\"/views/assets/img/products/conjunto-2-ropa-dama-1/4310036040.jpg\" style=\"width: 100%;\" class=\"img-fluid\"><span style=\"color: rgb(0, 0, 0); font-family: \" open=\"\" sans\",=\"\" arial,=\"\" sans-serif;=\"\" font-size:=\"\" 14px;=\"\" text-align:=\"\" justify;\"=\"\"><br></span></p><p><span style=\"color: rgb(0, 0, 0); font-family: \" open=\"\" sans\",=\"\" arial,=\"\" sans-serif;=\"\" font-size:=\"\" 14px;=\"\" text-align:=\"\" justify;\"=\"\"> Duis vehicula vehicula lacus, vel congue eros ultrices vel. Nam posuere elit ut ligula venenatis volutpat. Nullam ac lectus vel felis pretium auctor a ac massa. </span></p><p><span style=\"color: rgb(0, 0, 0); font-family: \" open=\"\" sans\",=\"\" arial,=\"\" sans-serif;=\"\" font-size:=\"\" 14px;=\"\" text-align:=\"\" justify;\"=\"\"><b>Fusce in fringilla ante. Vestibulum auctor accumsan dui, non pharetra urna gravida id. Sed in felis et urna posuere egestas vel feugiat eros. </b></span></p><p><span style=\"color: rgb(0, 0, 0); font-family: \" open=\"\" sans\",=\"\" arial,=\"\" sans-serif;=\"\" font-size:=\"\" 14px;=\"\" text-align:=\"\" justify;\"=\"\">Nunc malesuada, nibh id venenatis eleifend, mi augue rutrum purus, dignissim luctus justo lorem non risus. Nulla iaculis metus non justo consequat, ac placerat arcu fringilla. Praesent nec consectetur nunc. Aenean sollicitudin, diam vel mollis semper, est est tincidunt ligula, et accumsan mi risus quis erat. Nulla sagittis ex a consectetur mollis.</span>                                    \r\n           </p>', 0, 1, '2024-11-26', '2024-11-26 00:36:54'),
(3, 1, 1, 'Conjunto 3 Ropa Dama 1', 'conjunto-3-ropa-dama-1', 'conjunto-3-ropa-dama-1.jpg', 'Praesent a imperdiet velit, consectetur ullamcorper tellus. Nam suscipit suscipit sem, a tincidunt ex placerat eu. Nunc tristique mauris bibendum metus convallis porta. Maecenas fermentum tortor eu dolor efficitur, vitae lobortis felis rutrum. Proin dictum purus nec congue blandit. Vivamus rutrum consequat eros at placerat.', 'ropa,dama,lorem,ipsum', '<p><img src=\"/views/assets/css/plugins/summernote/img/blank.gif\" class=\"img\" style=\"display:inline-block;width:25px;height:25px;background:url(\'/views/assets/css/plugins/summernote/img/emoji_spritesheet_0.png\') -250px -150px no-repeat;background-size:675px 175px;\" alt=\":heart:\"><span style=\"color: rgb(0, 0, 0); font-family: \" open=\"\" sans\",=\"\" arial,=\"\" sans-serif;=\"\" font-size:=\"\" 14px;=\"\" text-align:=\"\" justify;\"=\"\">Lorem ipsum dolor sit amet, consectetur adipiscing elit. Donec eget aliquam urna, eu pharetra nisi. Maecenas lacinia tristique tincidunt. Aliquam in auctor metus. Pellentesque neque ante, rutrum ut est at, lacinia aliquet neque. Donec vitae ex orci.</span><img src=\"/views/assets/css/plugins/summernote/img/blank.gif\" class=\"img\" style=\"display:inline-block;width:25px;height:25px;background:url(\'/views/assets/css/plugins/summernote/img/emoji_spritesheet_0.png\') -75px -75px no-repeat;background-size:675px 175px;\" alt=\":see_no_evil:\"></p><p><img src=\"/views/assets/img/products/conjunto-3-ropa-dama-1/8343117711.jpg\" style=\"width: 100%;\" class=\"img-fluid\"><span style=\"color: rgb(0, 0, 0); font-family: \" open=\"\" sans\",=\"\" arial,=\"\" sans-serif;=\"\" font-size:=\"\" 14px;=\"\" text-align:=\"\" justify;\"=\"\"><br></span></p><p><span style=\"color: rgb(0, 0, 0); font-family: \" open=\"\" sans\",=\"\" arial,=\"\" sans-serif;=\"\" font-size:=\"\" 14px;=\"\" text-align:=\"\" justify;\"=\"\"> Duis vehicula vehicula lacus, vel congue eros ultrices vel. Nam posuere elit ut ligula venenatis volutpat. Nullam ac lectus vel felis pretium auctor a ac massa. </span></p><p><span style=\"color: rgb(0, 0, 0); font-family: \" open=\"\" sans\",=\"\" arial,=\"\" sans-serif;=\"\" font-size:=\"\" 14px;=\"\" text-align:=\"\" justify;\"=\"\"><b>Fusce in fringilla ante. Vestibulum auctor accumsan dui, non pharetra urna gravida id. Sed in felis et urna posuere egestas vel feugiat eros. </b></span></p><p><span style=\"color: rgb(0, 0, 0); font-family: \" open=\"\" sans\",=\"\" arial,=\"\" sans-serif;=\"\" font-size:=\"\" 14px;=\"\" text-align:=\"\" justify;\"=\"\">Nunc malesuada, nibh id venenatis eleifend, mi augue rutrum purus, dignissim luctus justo lorem non risus. Nulla iaculis metus non justo consequat, ac placerat arcu fringilla. Praesent nec consectetur nunc. Aenean sollicitudin, diam vel mollis semper, est est tincidunt ligula, et accumsan mi risus quis erat. Nulla sagittis ex a consectetur mollis.</span>                                    \r\n           </p>', 0, 1, '2024-11-26', '2024-11-26 00:39:15'),
(4, 1, 2, 'Conjunto 1 Ropa Hombre 1', 'conjunto-1-ropa-hombre-1', 'conjunto-1-ropa-hombre-1.jpg', 'Praesent a imperdiet velit, consectetur ullamcorper tellus. Nam suscipit suscipit sem, a tincidunt ex placerat eu. Nunc tristique mauris bibendum metus convallis porta. Maecenas fermentum tortor eu dolor efficitur, vitae lobortis felis rutrum. Proin dictum purus nec congue blandit. Vivamus rutrum consequat eros at placerat.', 'ropa,hombre,lorem,ipsum', '<p><img src=\"/views/assets/css/plugins/summernote/img/blank.gif\" class=\"img\" style=\"display:inline-block;width:25px;height:25px;background:url(\'/views/assets/css/plugins/summernote/img/emoji_spritesheet_0.png\') -250px -150px no-repeat;background-size:675px 175px;\" alt=\":heart:\"><span style=\"color: rgb(0, 0, 0); font-family: \" open=\"\" sans\",=\"\" arial,=\"\" sans-serif;=\"\" font-size:=\"\" 14px;=\"\" text-align:=\"\" justify;\"=\"\">Lorem ipsum dolor sit amet, consectetur adipiscing elit. Donec eget aliquam urna, eu pharetra nisi. Maecenas lacinia tristique tincidunt. Aliquam in auctor metus. Pellentesque neque ante, rutrum ut est at, lacinia aliquet neque. Donec vitae ex orci.</span><img src=\"/views/assets/css/plugins/summernote/img/blank.gif\" class=\"img\" style=\"display:inline-block;width:25px;height:25px;background:url(\'/views/assets/css/plugins/summernote/img/emoji_spritesheet_0.png\') -75px -75px no-repeat;background-size:675px 175px;\" alt=\":see_no_evil:\"></p><p><img src=\"/views/assets/img/products/conjunto-1-ropa-hombre-1/1936957437.jpg\" style=\"width: 100%;\" class=\"img-fluid\"><span style=\"color: rgb(0, 0, 0); font-family: \" open=\"\" sans\",=\"\" arial,=\"\" sans-serif;=\"\" font-size:=\"\" 14px;=\"\" text-align:=\"\" justify;\"=\"\"><br></span></p><p><span style=\"color: rgb(0, 0, 0); font-family: \" open=\"\" sans\",=\"\" arial,=\"\" sans-serif;=\"\" font-size:=\"\" 14px;=\"\" text-align:=\"\" justify;\"=\"\"> Duis vehicula vehicula lacus, vel congue eros ultrices vel. Nam posuere elit ut ligula venenatis volutpat. Nullam ac lectus vel felis pretium auctor a ac massa. </span></p><p><span style=\"color: rgb(0, 0, 0); font-family: \" open=\"\" sans\",=\"\" arial,=\"\" sans-serif;=\"\" font-size:=\"\" 14px;=\"\" text-align:=\"\" justify;\"=\"\"><b>Fusce in fringilla ante. Vestibulum auctor accumsan dui, non pharetra urna gravida id. Sed in felis et urna posuere egestas vel feugiat eros. </b></span></p><p><span style=\"color: rgb(0, 0, 0); font-family: \" open=\"\" sans\",=\"\" arial,=\"\" sans-serif;=\"\" font-size:=\"\" 14px;=\"\" text-align:=\"\" justify;\"=\"\">Nunc malesuada, nibh id venenatis eleifend, mi augue rutrum purus, dignissim luctus justo lorem non risus. Nulla iaculis metus non justo consequat, ac placerat arcu fringilla. Praesent nec consectetur nunc. Aenean sollicitudin, diam vel mollis semper, est est tincidunt ligula, et accumsan mi risus quis erat. Nulla sagittis ex a consectetur mollis.</span>                                    \r\n           </p>', 0, 1, '2024-11-26', '2024-11-26 00:41:35'),
(5, 1, 2, 'Conjunto 2 Ropa Hombre 1', 'conjunto-2-ropa-hombre-1', 'conjunto-2-ropa-hombre-1.jpg', 'Praesent a imperdiet velit, consectetur ullamcorper tellus. Nam suscipit suscipit sem, a tincidunt ex placerat eu. Nunc tristique mauris bibendum metus convallis porta. Maecenas fermentum tortor eu dolor efficitur, vitae lobortis felis rutrum. Proin dictum purus nec congue blandit. Vivamus rutrum consequat eros at placerat.', 'ropa,hombre,lorem,ipsum', '<p><img src=\"/views/assets/css/plugins/summernote/img/blank.gif\" class=\"img\" style=\"display:inline-block;width:25px;height:25px;background:url(\'/views/assets/css/plugins/summernote/img/emoji_spritesheet_0.png\') -250px -150px no-repeat;background-size:675px 175px;\" alt=\":heart:\"><span style=\"color: rgb(0, 0, 0); font-family: \" open=\"\" sans\",=\"\" arial,=\"\" sans-serif;=\"\" font-size:=\"\" 14px;=\"\" text-align:=\"\" justify;\"=\"\">Lorem ipsum dolor sit amet, consectetur adipiscing elit. Donec eget aliquam urna, eu pharetra nisi. Maecenas lacinia tristique tincidunt. Aliquam in auctor metus. Pellentesque neque ante, rutrum ut est at, lacinia aliquet neque. Donec vitae ex orci.</span><img src=\"/views/assets/css/plugins/summernote/img/blank.gif\" class=\"img\" style=\"display:inline-block;width:25px;height:25px;background:url(\'/views/assets/css/plugins/summernote/img/emoji_spritesheet_0.png\') -75px -75px no-repeat;background-size:675px 175px;\" alt=\":see_no_evil:\"></p><p><img src=\"/views/assets/img/products/conjunto-2-ropa-hombre-1/2443785649.jpg\" style=\"width: 100%;\" class=\"img-fluid\"><span style=\"color: rgb(0, 0, 0); font-family: \" open=\"\" sans\",=\"\" arial,=\"\" sans-serif;=\"\" font-size:=\"\" 14px;=\"\" text-align:=\"\" justify;\"=\"\"><br></span></p><p><span style=\"color: rgb(0, 0, 0); font-family: \" open=\"\" sans\",=\"\" arial,=\"\" sans-serif;=\"\" font-size:=\"\" 14px;=\"\" text-align:=\"\" justify;\"=\"\"> Duis vehicula vehicula lacus, vel congue eros ultrices vel. Nam posuere elit ut ligula venenatis volutpat. Nullam ac lectus vel felis pretium auctor a ac massa. </span></p><p><span style=\"color: rgb(0, 0, 0); font-family: \" open=\"\" sans\",=\"\" arial,=\"\" sans-serif;=\"\" font-size:=\"\" 14px;=\"\" text-align:=\"\" justify;\"=\"\"><b>Fusce in fringilla ante. Vestibulum auctor accumsan dui, non pharetra urna gravida id. Sed in felis et urna posuere egestas vel feugiat eros. </b></span></p><p><span style=\"color: rgb(0, 0, 0); font-family: \" open=\"\" sans\",=\"\" arial,=\"\" sans-serif;=\"\" font-size:=\"\" 14px;=\"\" text-align:=\"\" justify;\"=\"\">Nunc malesuada, nibh id venenatis eleifend, mi augue rutrum purus, dignissim luctus justo lorem non risus. Nulla iaculis metus non justo consequat, ac placerat arcu fringilla. Praesent nec consectetur nunc. Aenean sollicitudin, diam vel mollis semper, est est tincidunt ligula, et accumsan mi risus quis erat. Nulla sagittis ex a consectetur mollis.</span>                                    \r\n           </p>', 8, 1, '2024-11-26', '2024-11-26 07:44:43'),
(6, 1, 3, 'Conjunto Deportivo 1', 'conjunto-deportivo-1', 'conjunto-deportivo-1.jpg', 'Praesent a imperdiet velit, consectetur ullamcorper tellus. Nam suscipit suscipit sem, a tincidunt ex placerat eu. Nunc tristique mauris bibendum metus convallis porta. Maecenas fermentum tortor eu dolor efficitur, vitae lobortis felis rutrum. Proin dictum purus nec congue blandit. Vivamus rutrum consequat eros at placerat.', 'ropa,deportiva,lorem,ipsum', '<p><img src=\"/views/assets/css/plugins/summernote/img/blank.gif\" class=\"img\" style=\"display:inline-block;width:25px;height:25px;background:url(\'/views/assets/css/plugins/summernote/img/emoji_spritesheet_0.png\') -250px -150px no-repeat;background-size:675px 175px;\" alt=\":heart:\"><span style=\"color: rgb(0, 0, 0); font-family: \" open=\"\" sans\",=\"\" arial,=\"\" sans-serif;=\"\" font-size:=\"\" 14px;=\"\" text-align:=\"\" justify;\"=\"\">Lorem ipsum dolor sit amet, consectetur adipiscing elit. Donec eget aliquam urna, eu pharetra nisi. Maecenas lacinia tristique tincidunt. Aliquam in auctor metus. Pellentesque neque ante, rutrum ut est at, lacinia aliquet neque. Donec vitae ex orci.</span><img src=\"/views/assets/css/plugins/summernote/img/blank.gif\" class=\"img\" style=\"display:inline-block;width:25px;height:25px;background:url(\'/views/assets/css/plugins/summernote/img/emoji_spritesheet_0.png\') -75px -75px no-repeat;background-size:675px 175px;\" alt=\":see_no_evil:\"></p><p><img src=\"/views/assets/img/products/conjunto-deportivo-1/1510787121.jpg\" style=\"width: 100%;\" class=\"img-fluid\"><span style=\"color: rgb(0, 0, 0); font-family: \" open=\"\" sans\",=\"\" arial,=\"\" sans-serif;=\"\" font-size:=\"\" 14px;=\"\" text-align:=\"\" justify;\"=\"\"><br></span></p><p><span style=\"color: rgb(0, 0, 0); font-family: \" open=\"\" sans\",=\"\" arial,=\"\" sans-serif;=\"\" font-size:=\"\" 14px;=\"\" text-align:=\"\" justify;\"=\"\"> Duis vehicula vehicula lacus, vel congue eros ultrices vel. Nam posuere elit ut ligula venenatis volutpat. Nullam ac lectus vel felis pretium auctor a ac massa. </span></p><p><span style=\"color: rgb(0, 0, 0); font-family: \" open=\"\" sans\",=\"\" arial,=\"\" sans-serif;=\"\" font-size:=\"\" 14px;=\"\" text-align:=\"\" justify;\"=\"\"><b>Fusce in fringilla ante. Vestibulum auctor accumsan dui, non pharetra urna gravida id. Sed in felis et urna posuere egestas vel feugiat eros. </b></span></p><p><span style=\"color: rgb(0, 0, 0); font-family: \" open=\"\" sans\",=\"\" arial,=\"\" sans-serif;=\"\" font-size:=\"\" 14px;=\"\" text-align:=\"\" justify;\"=\"\">Nunc malesuada, nibh id venenatis eleifend, mi augue rutrum purus, dignissim luctus justo lorem non risus. Nulla iaculis metus non justo consequat, ac placerat arcu fringilla. Praesent nec consectetur nunc. Aenean sollicitudin, diam vel mollis semper, est est tincidunt ligula, et accumsan mi risus quis erat. Nulla sagittis ex a consectetur mollis.</span>                                    \r\n           </p>', 0, 1, '2024-11-26', '2024-11-26 00:46:52'),
(7, 1, 1, 'Conjunto 1 Ropa Dama 2', 'conjunto-1-ropa-dama-2', 'conjunto-1-ropa-dama-2.jpg', 'Praesent a imperdiet velit, consectetur ullamcorper tellus. Nam suscipit suscipit sem, a tincidunt ex placerat eu. Nunc tristique mauris bibendum metus convallis porta. Maecenas fermentum tortor eu dolor efficitur, vitae lobortis felis rutrum. Proin dictum purus nec congue blandit. Vivamus rutrum consequat eros at placerat.', 'ropa,dama,lorem,ipsum', '<p><img src=\"/views/assets/css/plugins/summernote/img/blank.gif\" class=\"img\" style=\"display:inline-block;width:25px;height:25px;background:url(\'/views/assets/css/plugins/summernote/img/emoji_spritesheet_0.png\') -250px -150px no-repeat;background-size:675px 175px;\" alt=\":heart:\"><span style=\"color: rgb(0, 0, 0); font-family: \" open=\"\" sans\",=\"\" arial,=\"\" sans-serif;=\"\" font-size:=\"\" 14px;=\"\" text-align:=\"\" justify;\"=\"\">Lorem ipsum dolor sit amet, consectetur adipiscing elit. Donec eget aliquam urna, eu pharetra nisi. Maecenas lacinia tristique tincidunt. Aliquam in auctor metus. Pellentesque neque ante, rutrum ut est at, lacinia aliquet neque. Donec vitae ex orci.</span><img src=\"/views/assets/css/plugins/summernote/img/blank.gif\" class=\"img\" style=\"display:inline-block;width:25px;height:25px;background:url(\'/views/assets/css/plugins/summernote/img/emoji_spritesheet_0.png\') -75px -75px no-repeat;background-size:675px 175px;\" alt=\":see_no_evil:\"></p><p><img src=\"/views/assets/img/products/conjunto-1-ropa-dama-2/170719649.jpg\" style=\"width: 100%;\" class=\"img-fluid\"><span style=\"color: rgb(0, 0, 0); font-family: \" open=\"\" sans\",=\"\" arial,=\"\" sans-serif;=\"\" font-size:=\"\" 14px;=\"\" text-align:=\"\" justify;\"=\"\"><br></span></p><p><span style=\"color: rgb(0, 0, 0); font-family: \" open=\"\" sans\",=\"\" arial,=\"\" sans-serif;=\"\" font-size:=\"\" 14px;=\"\" text-align:=\"\" justify;\"=\"\"> Duis vehicula vehicula lacus, vel congue eros ultrices vel. Nam posuere elit ut ligula venenatis volutpat. Nullam ac lectus vel felis pretium auctor a ac massa. </span></p><p><span style=\"color: rgb(0, 0, 0); font-family: \" open=\"\" sans\",=\"\" arial,=\"\" sans-serif;=\"\" font-size:=\"\" 14px;=\"\" text-align:=\"\" justify;\"=\"\"><b>Fusce in fringilla ante. Vestibulum auctor accumsan dui, non pharetra urna gravida id. Sed in felis et urna posuere egestas vel feugiat eros. </b></span></p><p><span style=\"color: rgb(0, 0, 0); font-family: \" open=\"\" sans\",=\"\" arial,=\"\" sans-serif;=\"\" font-size:=\"\" 14px;=\"\" text-align:=\"\" justify;\"=\"\">Nunc malesuada, nibh id venenatis eleifend, mi augue rutrum purus, dignissim luctus justo lorem non risus. Nulla iaculis metus non justo consequat, ac placerat arcu fringilla. Praesent nec consectetur nunc. Aenean sollicitudin, diam vel mollis semper, est est tincidunt ligula, et accumsan mi risus quis erat. Nulla sagittis ex a consectetur mollis.</span>                                    \r\n           </p>', 0, 1, '2024-11-26', '2024-11-26 00:49:01'),
(8, 1, 1, 'Conjunto 2 Ropa Dama 2', 'conjunto-2-ropa-dama-2', 'conjunto-2-ropa-dama-2.jpg', 'Praesent a imperdiet velit, consectetur ullamcorper tellus. Nam suscipit suscipit sem, a tincidunt ex placerat eu. Nunc tristique mauris bibendum metus convallis porta. Maecenas fermentum tortor eu dolor efficitur, vitae lobortis felis rutrum. Proin dictum purus nec congue blandit. Vivamus rutrum consequat eros at placerat.', 'ropa,dama,lorem,ipsum', '<p><img src=\"/views/assets/css/plugins/summernote/img/blank.gif\" class=\"img\" style=\"display:inline-block;width:25px;height:25px;background:url(\'/views/assets/css/plugins/summernote/img/emoji_spritesheet_0.png\') -250px -150px no-repeat;background-size:675px 175px;\" alt=\":heart:\"><span style=\"color: rgb(0, 0, 0); font-family: \" open=\"\" sans\",=\"\" arial,=\"\" sans-serif;=\"\" font-size:=\"\" 14px;=\"\" text-align:=\"\" justify;\"=\"\">Lorem ipsum dolor sit amet, consectetur adipiscing elit. Donec eget aliquam urna, eu pharetra nisi. Maecenas lacinia tristique tincidunt. Aliquam in auctor metus. Pellentesque neque ante, rutrum ut est at, lacinia aliquet neque. Donec vitae ex orci.</span><img src=\"/views/assets/css/plugins/summernote/img/blank.gif\" class=\"img\" style=\"display:inline-block;width:25px;height:25px;background:url(\'/views/assets/css/plugins/summernote/img/emoji_spritesheet_0.png\') -75px -75px no-repeat;background-size:675px 175px;\" alt=\":see_no_evil:\"></p><p><img src=\"/views/assets/img/products/conjunto-2-ropa-dama-2/660876774.jpg\" style=\"width: 100%;\" class=\"img-fluid\"><span style=\"color: rgb(0, 0, 0); font-family: \" open=\"\" sans\",=\"\" arial,=\"\" sans-serif;=\"\" font-size:=\"\" 14px;=\"\" text-align:=\"\" justify;\"=\"\"><br></span></p><p><span style=\"color: rgb(0, 0, 0); font-family: \" open=\"\" sans\",=\"\" arial,=\"\" sans-serif;=\"\" font-size:=\"\" 14px;=\"\" text-align:=\"\" justify;\"=\"\"> Duis vehicula vehicula lacus, vel congue eros ultrices vel. Nam posuere elit ut ligula venenatis volutpat. Nullam ac lectus vel felis pretium auctor a ac massa. </span></p><p><span style=\"color: rgb(0, 0, 0); font-family: \" open=\"\" sans\",=\"\" arial,=\"\" sans-serif;=\"\" font-size:=\"\" 14px;=\"\" text-align:=\"\" justify;\"=\"\"><b>Fusce in fringilla ante. Vestibulum auctor accumsan dui, non pharetra urna gravida id. Sed in felis et urna posuere egestas vel feugiat eros. </b></span></p><p><span style=\"color: rgb(0, 0, 0); font-family: \" open=\"\" sans\",=\"\" arial,=\"\" sans-serif;=\"\" font-size:=\"\" 14px;=\"\" text-align:=\"\" justify;\"=\"\">Nunc malesuada, nibh id venenatis eleifend, mi augue rutrum purus, dignissim luctus justo lorem non risus. Nulla iaculis metus non justo consequat, ac placerat arcu fringilla. Praesent nec consectetur nunc. Aenean sollicitudin, diam vel mollis semper, est est tincidunt ligula, et accumsan mi risus quis erat. Nulla sagittis ex a consectetur mollis.</span>                                    \r\n           </p>', 0, 1, '2024-11-26', '2024-11-26 00:50:42'),
(9, 1, 1, 'Conjunto 3 Ropa Dama 2', 'conjunto-3-ropa-dama-2', 'conjunto-3-ropa-dama-2.jpg', 'Praesent a imperdiet velit, consectetur ullamcorper tellus. Nam suscipit suscipit sem, a tincidunt ex placerat eu. Nunc tristique mauris bibendum metus convallis porta. Maecenas fermentum tortor eu dolor efficitur, vitae lobortis felis rutrum. Proin dictum purus nec congue blandit. Vivamus rutrum consequat eros at placerat.', 'ropa,dama,lorem,ipsum', '<p><img src=\"/views/assets/css/plugins/summernote/img/blank.gif\" class=\"img\" style=\"display:inline-block;width:25px;height:25px;background:url(\'/views/assets/css/plugins/summernote/img/emoji_spritesheet_0.png\') -250px -150px no-repeat;background-size:675px 175px;\" alt=\":heart:\"><span style=\"color: rgb(0, 0, 0); font-family: \" open=\"\" sans\",=\"\" arial,=\"\" sans-serif;=\"\" font-size:=\"\" 14px;=\"\" text-align:=\"\" justify;\"=\"\">Lorem ipsum dolor sit amet, consectetur adipiscing elit. Donec eget aliquam urna, eu pharetra nisi. Maecenas lacinia tristique tincidunt. Aliquam in auctor metus. Pellentesque neque ante, rutrum ut est at, lacinia aliquet neque. Donec vitae ex orci.</span><img src=\"/views/assets/css/plugins/summernote/img/blank.gif\" class=\"img\" style=\"display:inline-block;width:25px;height:25px;background:url(\'/views/assets/css/plugins/summernote/img/emoji_spritesheet_0.png\') -75px -75px no-repeat;background-size:675px 175px;\" alt=\":see_no_evil:\"></p><p><img src=\"/views/assets/img/products/conjunto-3-ropa-dama-2/7362758838.jpg\" style=\"width: 100%;\" class=\"img-fluid\"><span style=\"color: rgb(0, 0, 0); font-family: \" open=\"\" sans\",=\"\" arial,=\"\" sans-serif;=\"\" font-size:=\"\" 14px;=\"\" text-align:=\"\" justify;\"=\"\"><br></span></p><p><span style=\"color: rgb(0, 0, 0); font-family: \" open=\"\" sans\",=\"\" arial,=\"\" sans-serif;=\"\" font-size:=\"\" 14px;=\"\" text-align:=\"\" justify;\"=\"\"> Duis vehicula vehicula lacus, vel congue eros ultrices vel. Nam posuere elit ut ligula venenatis volutpat. Nullam ac lectus vel felis pretium auctor a ac massa. </span></p><p><span style=\"color: rgb(0, 0, 0); font-family: \" open=\"\" sans\",=\"\" arial,=\"\" sans-serif;=\"\" font-size:=\"\" 14px;=\"\" text-align:=\"\" justify;\"=\"\"><b>Fusce in fringilla ante. Vestibulum auctor accumsan dui, non pharetra urna gravida id. Sed in felis et urna posuere egestas vel feugiat eros. </b></span></p><p><span style=\"color: rgb(0, 0, 0); font-family: \" open=\"\" sans\",=\"\" arial,=\"\" sans-serif;=\"\" font-size:=\"\" 14px;=\"\" text-align:=\"\" justify;\"=\"\">Nunc malesuada, nibh id venenatis eleifend, mi augue rutrum purus, dignissim luctus justo lorem non risus. Nulla iaculis metus non justo consequat, ac placerat arcu fringilla. Praesent nec consectetur nunc. Aenean sollicitudin, diam vel mollis semper, est est tincidunt ligula, et accumsan mi risus quis erat. Nulla sagittis ex a consectetur mollis.</span>                                    \r\n           </p>', 0, 1, '2024-11-26', '2024-11-26 00:52:22'),
(10, 1, 2, 'Conjunto 1 Ropa Hombre 2', 'conjunto-1-ropa-hombre-2', 'conjunto-1-ropa-hombre-2.jpg', 'Praesent a imperdiet velit, consectetur ullamcorper tellus. Nam suscipit suscipit sem, a tincidunt ex placerat eu. Nunc tristique mauris bibendum metus convallis porta. Maecenas fermentum tortor eu dolor efficitur, vitae lobortis felis rutrum. Proin dictum purus nec congue blandit. Vivamus rutrum consequat eros at placerat.', 'ropa,hombre,lorem,ipsum', '<p><img src=\"/views/assets/css/plugins/summernote/img/blank.gif\" class=\"img\" style=\"display:inline-block;width:25px;height:25px;background:url(\'/views/assets/css/plugins/summernote/img/emoji_spritesheet_0.png\') -250px -150px no-repeat;background-size:675px 175px;\" alt=\":heart:\"><span style=\"color: rgb(0, 0, 0); font-family: \" open=\"\" sans\",=\"\" arial,=\"\" sans-serif;=\"\" font-size:=\"\" 14px;=\"\" text-align:=\"\" justify;\"=\"\">Lorem ipsum dolor sit amet, consectetur adipiscing elit. Donec eget aliquam urna, eu pharetra nisi. Maecenas lacinia tristique tincidunt. Aliquam in auctor metus. Pellentesque neque ante, rutrum ut est at, lacinia aliquet neque. Donec vitae ex orci.</span><img src=\"/views/assets/css/plugins/summernote/img/blank.gif\" class=\"img\" style=\"display:inline-block;width:25px;height:25px;background:url(\'/views/assets/css/plugins/summernote/img/emoji_spritesheet_0.png\') -75px -75px no-repeat;background-size:675px 175px;\" alt=\":see_no_evil:\"></p><p><img src=\"/views/assets/img/products/conjunto-1-ropa-hombre-2/6299116229.jpg\" style=\"width: 100%;\" class=\"img-fluid\"><span style=\"color: rgb(0, 0, 0); font-family: \" open=\"\" sans\",=\"\" arial,=\"\" sans-serif;=\"\" font-size:=\"\" 14px;=\"\" text-align:=\"\" justify;\"=\"\"><br></span></p><p><span style=\"color: rgb(0, 0, 0); font-family: \" open=\"\" sans\",=\"\" arial,=\"\" sans-serif;=\"\" font-size:=\"\" 14px;=\"\" text-align:=\"\" justify;\"=\"\"> Duis vehicula vehicula lacus, vel congue eros ultrices vel. Nam posuere elit ut ligula venenatis volutpat. Nullam ac lectus vel felis pretium auctor a ac massa. </span></p><p><span style=\"color: rgb(0, 0, 0); font-family: \" open=\"\" sans\",=\"\" arial,=\"\" sans-serif;=\"\" font-size:=\"\" 14px;=\"\" text-align:=\"\" justify;\"=\"\"><b>Fusce in fringilla ante. Vestibulum auctor accumsan dui, non pharetra urna gravida id. Sed in felis et urna posuere egestas vel feugiat eros. </b></span></p><p><span style=\"color: rgb(0, 0, 0); font-family: \" open=\"\" sans\",=\"\" arial,=\"\" sans-serif;=\"\" font-size:=\"\" 14px;=\"\" text-align:=\"\" justify;\"=\"\">Nunc malesuada, nibh id venenatis eleifend, mi augue rutrum purus, dignissim luctus justo lorem non risus. Nulla iaculis metus non justo consequat, ac placerat arcu fringilla. Praesent nec consectetur nunc. Aenean sollicitudin, diam vel mollis semper, est est tincidunt ligula, et accumsan mi risus quis erat. Nulla sagittis ex a consectetur mollis.</span>                                    \r\n           </p>', 0, 1, '2024-11-26', '2024-11-26 00:53:57'),
(11, 1, 2, 'Conjunto 2 Ropa Hombre 2', 'conjunto-2-ropa-hombre-2', 'conjunto-2-ropa-hombre-2.jpg', 'Praesent a imperdiet velit, consectetur ullamcorper tellus. Nam suscipit suscipit sem, a tincidunt ex placerat eu. Nunc tristique mauris bibendum metus convallis porta. Maecenas fermentum tortor eu dolor efficitur, vitae lobortis felis rutrum. Proin dictum purus nec congue blandit. Vivamus rutrum consequat eros at placerat.', 'ropa,hombre,lorem,ipsum', '<p><img src=\"/views/assets/css/plugins/summernote/img/blank.gif\" class=\"img\" style=\"display:inline-block;width:25px;height:25px;background:url(\'/views/assets/css/plugins/summernote/img/emoji_spritesheet_0.png\') -250px -150px no-repeat;background-size:675px 175px;\" alt=\":heart:\"><span style=\"color: rgb(0, 0, 0); font-family: \" open=\"\" sans\",=\"\" arial,=\"\" sans-serif;=\"\" font-size:=\"\" 14px;=\"\" text-align:=\"\" justify;\"=\"\">Lorem ipsum dolor sit amet, consectetur adipiscing elit. Donec eget aliquam urna, eu pharetra nisi. Maecenas lacinia tristique tincidunt. Aliquam in auctor metus. Pellentesque neque ante, rutrum ut est at, lacinia aliquet neque. Donec vitae ex orci.</span><img src=\"/views/assets/css/plugins/summernote/img/blank.gif\" class=\"img\" style=\"display:inline-block;width:25px;height:25px;background:url(\'/views/assets/css/plugins/summernote/img/emoji_spritesheet_0.png\') -75px -75px no-repeat;background-size:675px 175px;\" alt=\":see_no_evil:\"></p><p><img src=\"/views/assets/img/products/conjunto-2-ropa-hombre-2/9540262136.jpg\" style=\"width: 100%;\" class=\"img-fluid\"><span style=\"color: rgb(0, 0, 0); font-family: \" open=\"\" sans\",=\"\" arial,=\"\" sans-serif;=\"\" font-size:=\"\" 14px;=\"\" text-align:=\"\" justify;\"=\"\"><br></span></p><p><span style=\"color: rgb(0, 0, 0); font-family: \" open=\"\" sans\",=\"\" arial,=\"\" sans-serif;=\"\" font-size:=\"\" 14px;=\"\" text-align:=\"\" justify;\"=\"\"> Duis vehicula vehicula lacus, vel congue eros ultrices vel. Nam posuere elit ut ligula venenatis volutpat. Nullam ac lectus vel felis pretium auctor a ac massa. </span></p><p><span style=\"color: rgb(0, 0, 0); font-family: \" open=\"\" sans\",=\"\" arial,=\"\" sans-serif;=\"\" font-size:=\"\" 14px;=\"\" text-align:=\"\" justify;\"=\"\"><b>Fusce in fringilla ante. Vestibulum auctor accumsan dui, non pharetra urna gravida id. Sed in felis et urna posuere egestas vel feugiat eros. </b></span></p><p><span style=\"color: rgb(0, 0, 0); font-family: \" open=\"\" sans\",=\"\" arial,=\"\" sans-serif;=\"\" font-size:=\"\" 14px;=\"\" text-align:=\"\" justify;\"=\"\">Nunc malesuada, nibh id venenatis eleifend, mi augue rutrum purus, dignissim luctus justo lorem non risus. Nulla iaculis metus non justo consequat, ac placerat arcu fringilla. Praesent nec consectetur nunc. Aenean sollicitudin, diam vel mollis semper, est est tincidunt ligula, et accumsan mi risus quis erat. Nulla sagittis ex a consectetur mollis.</span>                                    \r\n           </p>', 0, 1, '2024-11-26', '2024-11-26 00:56:13'),
(12, 1, 3, 'Conjunto Deportivo 2', 'conjunto-deportivo-2', 'conjunto-deportivo-2.jpg', 'Praesent a imperdiet velit, consectetur ullamcorper tellus. Nam suscipit suscipit sem, a tincidunt ex placerat eu. Nunc tristique mauris bibendum metus convallis porta. Maecenas fermentum tortor eu dolor efficitur, vitae lobortis felis rutrum. Proin dictum purus nec congue blandit. Vivamus rutrum consequat eros at placerat.', 'ropa,deportiva,lorem,ipsum', '<p><img src=\"/views/assets/css/plugins/summernote/img/blank.gif\" class=\"img\" style=\"display:inline-block;width:25px;height:25px;background:url(\'/views/assets/css/plugins/summernote/img/emoji_spritesheet_0.png\') -250px -150px no-repeat;background-size:675px 175px;\" alt=\":heart:\"><span style=\"color: rgb(0, 0, 0); font-family: \" open=\"\" sans\",=\"\" arial,=\"\" sans-serif;=\"\" font-size:=\"\" 14px;=\"\" text-align:=\"\" justify;\"=\"\">Lorem ipsum dolor sit amet, consectetur adipiscing elit. Donec eget aliquam urna, eu pharetra nisi. Maecenas lacinia tristique tincidunt. Aliquam in auctor metus. Pellentesque neque ante, rutrum ut est at, lacinia aliquet neque. Donec vitae ex orci.</span><img src=\"/views/assets/css/plugins/summernote/img/blank.gif\" class=\"img\" style=\"display:inline-block;width:25px;height:25px;background:url(\'/views/assets/css/plugins/summernote/img/emoji_spritesheet_0.png\') -75px -75px no-repeat;background-size:675px 175px;\" alt=\":see_no_evil:\"></p><p><img src=\"/views/assets/img/products/conjunto-deportivo-2/7053357916.jpg\" style=\"width: 100%;\" class=\"img-fluid\"><span style=\"color: rgb(0, 0, 0); font-family: \" open=\"\" sans\",=\"\" arial,=\"\" sans-serif;=\"\" font-size:=\"\" 14px;=\"\" text-align:=\"\" justify;\"=\"\"><br></span></p><p><span style=\"color: rgb(0, 0, 0); font-family: \" open=\"\" sans\",=\"\" arial,=\"\" sans-serif;=\"\" font-size:=\"\" 14px;=\"\" text-align:=\"\" justify;\"=\"\"> Duis vehicula vehicula lacus, vel congue eros ultrices vel. Nam posuere elit ut ligula venenatis volutpat. Nullam ac lectus vel felis pretium auctor a ac massa. </span></p><p><span style=\"color: rgb(0, 0, 0); font-family: \" open=\"\" sans\",=\"\" arial,=\"\" sans-serif;=\"\" font-size:=\"\" 14px;=\"\" text-align:=\"\" justify;\"=\"\"><b>Fusce in fringilla ante. Vestibulum auctor accumsan dui, non pharetra urna gravida id. Sed in felis et urna posuere egestas vel feugiat eros. </b></span></p><p><span style=\"color: rgb(0, 0, 0); font-family: \" open=\"\" sans\",=\"\" arial,=\"\" sans-serif;=\"\" font-size:=\"\" 14px;=\"\" text-align:=\"\" justify;\"=\"\">Nunc malesuada, nibh id venenatis eleifend, mi augue rutrum purus, dignissim luctus justo lorem non risus. Nulla iaculis metus non justo consequat, ac placerat arcu fringilla. Praesent nec consectetur nunc. Aenean sollicitudin, diam vel mollis semper, est est tincidunt ligula, et accumsan mi risus quis erat. Nulla sagittis ex a consectetur mollis.</span>                                    \r\n           </p>', 0, 1, '2024-11-26', '2024-11-26 00:57:53'),
(13, 1, 1, 'Conjunto 1 Ropa Dama 3', 'conjunto-1-ropa-dama-3', 'conjunto-1-ropa-dama-3.jpg', 'Praesent a imperdiet velit, consectetur ullamcorper tellus. Nam suscipit suscipit sem, a tincidunt ex placerat eu. Nunc tristique mauris bibendum metus convallis porta. Maecenas fermentum tortor eu dolor efficitur, vitae lobortis felis rutrum. Proin dictum purus nec congue blandit. Vivamus rutrum consequat eros at placerat.', 'ropa,dama,lorem,ipsum', '<p><img src=\"/views/assets/css/plugins/summernote/img/blank.gif\" class=\"img\" style=\"display:inline-block;width:25px;height:25px;background:url(\'/views/assets/css/plugins/summernote/img/emoji_spritesheet_0.png\') -250px -150px no-repeat;background-size:675px 175px;\" alt=\":heart:\"><span style=\"color: rgb(0, 0, 0); font-family: \" open=\"\" sans\",=\"\" arial,=\"\" sans-serif;=\"\" font-size:=\"\" 14px;=\"\" text-align:=\"\" justify;\"=\"\">Lorem ipsum dolor sit amet, consectetur adipiscing elit. Donec eget aliquam urna, eu pharetra nisi. Maecenas lacinia tristique tincidunt. Aliquam in auctor metus. Pellentesque neque ante, rutrum ut est at, lacinia aliquet neque. Donec vitae ex orci.</span><img src=\"/views/assets/css/plugins/summernote/img/blank.gif\" class=\"img\" style=\"display:inline-block;width:25px;height:25px;background:url(\'/views/assets/css/plugins/summernote/img/emoji_spritesheet_0.png\') -75px -75px no-repeat;background-size:675px 175px;\" alt=\":see_no_evil:\"></p><p><img src=\"/views/assets/img/products/conjunto-1-ropa-dama-3/5411435833.jpg\" style=\"width: 100%;\" class=\"img-fluid\"><span style=\"color: rgb(0, 0, 0); font-family: \" open=\"\" sans\",=\"\" arial,=\"\" sans-serif;=\"\" font-size:=\"\" 14px;=\"\" text-align:=\"\" justify;\"=\"\"><br></span></p><p><span style=\"color: rgb(0, 0, 0); font-family: \" open=\"\" sans\",=\"\" arial,=\"\" sans-serif;=\"\" font-size:=\"\" 14px;=\"\" text-align:=\"\" justify;\"=\"\"> Duis vehicula vehicula lacus, vel congue eros ultrices vel. Nam posuere elit ut ligula venenatis volutpat. Nullam ac lectus vel felis pretium auctor a ac massa. </span></p><p><span style=\"color: rgb(0, 0, 0); font-family: \" open=\"\" sans\",=\"\" arial,=\"\" sans-serif;=\"\" font-size:=\"\" 14px;=\"\" text-align:=\"\" justify;\"=\"\"><b>Fusce in fringilla ante. Vestibulum auctor accumsan dui, non pharetra urna gravida id. Sed in felis et urna posuere egestas vel feugiat eros. </b></span></p><p><span style=\"color: rgb(0, 0, 0); font-family: \" open=\"\" sans\",=\"\" arial,=\"\" sans-serif;=\"\" font-size:=\"\" 14px;=\"\" text-align:=\"\" justify;\"=\"\">Nunc malesuada, nibh id venenatis eleifend, mi augue rutrum purus, dignissim luctus justo lorem non risus. Nulla iaculis metus non justo consequat, ac placerat arcu fringilla. Praesent nec consectetur nunc. Aenean sollicitudin, diam vel mollis semper, est est tincidunt ligula, et accumsan mi risus quis erat. Nulla sagittis ex a consectetur mollis.</span>                                    \r\n           </p>', 0, 1, '2024-11-26', '2024-11-26 01:00:19'),
(14, 1, 1, 'Conjunto 2 Ropa Dama 3', 'conjunto-2-ropa-dama-3', 'conjunto-2-ropa-dama-3.jpg', 'Praesent a imperdiet velit, consectetur ullamcorper tellus. Nam suscipit suscipit sem, a tincidunt ex placerat eu. Nunc tristique mauris bibendum metus convallis porta. Maecenas fermentum tortor eu dolor efficitur, vitae lobortis felis rutrum. Proin dictum purus nec congue blandit. Vivamus rutrum consequat eros at placerat.', 'ropa,dama,lorem,ipsum', '<p><img src=\"/views/assets/css/plugins/summernote/img/blank.gif\" class=\"img\" style=\"display:inline-block;width:25px;height:25px;background:url(\'/views/assets/css/plugins/summernote/img/emoji_spritesheet_0.png\') -250px -150px no-repeat;background-size:675px 175px;\" alt=\":heart:\"><span style=\"color: rgb(0, 0, 0); font-family: \" open=\"\" sans\",=\"\" arial,=\"\" sans-serif;=\"\" font-size:=\"\" 14px;=\"\" text-align:=\"\" justify;\"=\"\">Lorem ipsum dolor sit amet, consectetur adipiscing elit. Donec eget aliquam urna, eu pharetra nisi. Maecenas lacinia tristique tincidunt. Aliquam in auctor metus. Pellentesque neque ante, rutrum ut est at, lacinia aliquet neque. Donec vitae ex orci.</span><img src=\"/views/assets/css/plugins/summernote/img/blank.gif\" class=\"img\" style=\"display:inline-block;width:25px;height:25px;background:url(\'/views/assets/css/plugins/summernote/img/emoji_spritesheet_0.png\') -75px -75px no-repeat;background-size:675px 175px;\" alt=\":see_no_evil:\"></p><p><img src=\"/views/assets/img/products/conjunto-2-ropa-dama-3/8306070817.jpg\" style=\"width: 100%;\" class=\"img-fluid\"><span style=\"color: rgb(0, 0, 0); font-family: \" open=\"\" sans\",=\"\" arial,=\"\" sans-serif;=\"\" font-size:=\"\" 14px;=\"\" text-align:=\"\" justify;\"=\"\"><br></span></p><p><span style=\"color: rgb(0, 0, 0); font-family: \" open=\"\" sans\",=\"\" arial,=\"\" sans-serif;=\"\" font-size:=\"\" 14px;=\"\" text-align:=\"\" justify;\"=\"\"> Duis vehicula vehicula lacus, vel congue eros ultrices vel. Nam posuere elit ut ligula venenatis volutpat. Nullam ac lectus vel felis pretium auctor a ac massa. </span></p><p><span style=\"color: rgb(0, 0, 0); font-family: \" open=\"\" sans\",=\"\" arial,=\"\" sans-serif;=\"\" font-size:=\"\" 14px;=\"\" text-align:=\"\" justify;\"=\"\"><b>Fusce in fringilla ante. Vestibulum auctor accumsan dui, non pharetra urna gravida id. Sed in felis et urna posuere egestas vel feugiat eros. </b></span></p><p><span style=\"color: rgb(0, 0, 0); font-family: \" open=\"\" sans\",=\"\" arial,=\"\" sans-serif;=\"\" font-size:=\"\" 14px;=\"\" text-align:=\"\" justify;\"=\"\">Nunc malesuada, nibh id venenatis eleifend, mi augue rutrum purus, dignissim luctus justo lorem non risus. Nulla iaculis metus non justo consequat, ac placerat arcu fringilla. Praesent nec consectetur nunc. Aenean sollicitudin, diam vel mollis semper, est est tincidunt ligula, et accumsan mi risus quis erat. Nulla sagittis ex a consectetur mollis.</span>                                    \r\n           </p>', 0, 1, '2024-11-26', '2024-11-26 01:01:45'),
(15, 1, 1, 'Conjunto 3 Ropa Dama 3', 'conjunto-3-ropa-dama-3', 'conjunto-3-ropa-dama-3.jpg', 'Praesent a imperdiet velit, consectetur ullamcorper tellus. Nam suscipit suscipit sem, a tincidunt ex placerat eu. Nunc tristique mauris bibendum metus convallis porta. Maecenas fermentum tortor eu dolor efficitur, vitae lobortis felis rutrum. Proin dictum purus nec congue blandit. Vivamus rutrum consequat eros at placerat.', 'ropa,dama,lorem,ipsum', '<p><img src=\"/views/assets/css/plugins/summernote/img/blank.gif\" class=\"img\" style=\"display:inline-block;width:25px;height:25px;background:url(\'/views/assets/css/plugins/summernote/img/emoji_spritesheet_0.png\') -250px -150px no-repeat;background-size:675px 175px;\" alt=\":heart:\"><span style=\"color: rgb(0, 0, 0); font-family: \" open=\"\" sans\",=\"\" arial,=\"\" sans-serif;=\"\" font-size:=\"\" 14px;=\"\" text-align:=\"\" justify;\"=\"\">Lorem ipsum dolor sit amet, consectetur adipiscing elit. Donec eget aliquam urna, eu pharetra nisi. Maecenas lacinia tristique tincidunt. Aliquam in auctor metus. Pellentesque neque ante, rutrum ut est at, lacinia aliquet neque. Donec vitae ex orci.</span><img src=\"/views/assets/css/plugins/summernote/img/blank.gif\" class=\"img\" style=\"display:inline-block;width:25px;height:25px;background:url(\'/views/assets/css/plugins/summernote/img/emoji_spritesheet_0.png\') -75px -75px no-repeat;background-size:675px 175px;\" alt=\":see_no_evil:\"></p><p><img src=\"/views/assets/img/products/conjunto-3-ropa-dama-3/7461897821.jpg\" style=\"width: 100%;\" class=\"img-fluid\"><span style=\"color: rgb(0, 0, 0); font-family: \" open=\"\" sans\",=\"\" arial,=\"\" sans-serif;=\"\" font-size:=\"\" 14px;=\"\" text-align:=\"\" justify;\"=\"\"><br></span></p><p><span style=\"color: rgb(0, 0, 0); font-family: \" open=\"\" sans\",=\"\" arial,=\"\" sans-serif;=\"\" font-size:=\"\" 14px;=\"\" text-align:=\"\" justify;\"=\"\"> Duis vehicula vehicula lacus, vel congue eros ultrices vel. Nam posuere elit ut ligula venenatis volutpat. Nullam ac lectus vel felis pretium auctor a ac massa. </span></p><p><span style=\"color: rgb(0, 0, 0); font-family: \" open=\"\" sans\",=\"\" arial,=\"\" sans-serif;=\"\" font-size:=\"\" 14px;=\"\" text-align:=\"\" justify;\"=\"\"><b>Fusce in fringilla ante. Vestibulum auctor accumsan dui, non pharetra urna gravida id. Sed in felis et urna posuere egestas vel feugiat eros. </b></span></p><p><span style=\"color: rgb(0, 0, 0); font-family: \" open=\"\" sans\",=\"\" arial,=\"\" sans-serif;=\"\" font-size:=\"\" 14px;=\"\" text-align:=\"\" justify;\"=\"\">Nunc malesuada, nibh id venenatis eleifend, mi augue rutrum purus, dignissim luctus justo lorem non risus. Nulla iaculis metus non justo consequat, ac placerat arcu fringilla. Praesent nec consectetur nunc. Aenean sollicitudin, diam vel mollis semper, est est tincidunt ligula, et accumsan mi risus quis erat. Nulla sagittis ex a consectetur mollis.</span>                                    \r\n           </p>', 3, 1, '2024-11-26', '2024-11-26 07:45:53'),
(16, 1, 2, 'Conjunto 1 Ropa Hombre 3', 'conjunto-1-ropa-hombre-3', 'conjunto-1-ropa-hombre-3.jpg', 'Praesent a imperdiet velit, consectetur ullamcorper tellus. Nam suscipit suscipit sem, a tincidunt ex placerat eu. Nunc tristique mauris bibendum metus convallis porta. Maecenas fermentum tortor eu dolor efficitur, vitae lobortis felis rutrum. Proin dictum purus nec congue blandit. Vivamus rutrum consequat eros at placerat.', 'ropa,hombre,lorem,ipsum', '<p><img src=\"/views/assets/css/plugins/summernote/img/blank.gif\" class=\"img\" style=\"display:inline-block;width:25px;height:25px;background:url(\'/views/assets/css/plugins/summernote/img/emoji_spritesheet_0.png\') -250px -150px no-repeat;background-size:675px 175px;\" alt=\":heart:\"><span style=\"color: rgb(0, 0, 0); font-family: \" open=\"\" sans\",=\"\" arial,=\"\" sans-serif;=\"\" font-size:=\"\" 14px;=\"\" text-align:=\"\" justify;\"=\"\">Lorem ipsum dolor sit amet, consectetur adipiscing elit. Donec eget aliquam urna, eu pharetra nisi. Maecenas lacinia tristique tincidunt. Aliquam in auctor metus. Pellentesque neque ante, rutrum ut est at, lacinia aliquet neque. Donec vitae ex orci.</span><img src=\"/views/assets/css/plugins/summernote/img/blank.gif\" class=\"img\" style=\"display:inline-block;width:25px;height:25px;background:url(\'/views/assets/css/plugins/summernote/img/emoji_spritesheet_0.png\') -75px -75px no-repeat;background-size:675px 175px;\" alt=\":see_no_evil:\"></p><p><img src=\"/views/assets/img/products/conjunto-1-ropa-hombre-3/5310016158.jpg\" style=\"width: 100%;\" class=\"img-fluid\"><span style=\"color: rgb(0, 0, 0); font-family: \" open=\"\" sans\",=\"\" arial,=\"\" sans-serif;=\"\" font-size:=\"\" 14px;=\"\" text-align:=\"\" justify;\"=\"\"><br></span></p><p><span style=\"color: rgb(0, 0, 0); font-family: \" open=\"\" sans\",=\"\" arial,=\"\" sans-serif;=\"\" font-size:=\"\" 14px;=\"\" text-align:=\"\" justify;\"=\"\"> Duis vehicula vehicula lacus, vel congue eros ultrices vel. Nam posuere elit ut ligula venenatis volutpat. Nullam ac lectus vel felis pretium auctor a ac massa. </span></p><p><span style=\"color: rgb(0, 0, 0); font-family: \" open=\"\" sans\",=\"\" arial,=\"\" sans-serif;=\"\" font-size:=\"\" 14px;=\"\" text-align:=\"\" justify;\"=\"\"><b>Fusce in fringilla ante. Vestibulum auctor accumsan dui, non pharetra urna gravida id. Sed in felis et urna posuere egestas vel feugiat eros. </b></span></p><p><span style=\"color: rgb(0, 0, 0); font-family: \" open=\"\" sans\",=\"\" arial,=\"\" sans-serif;=\"\" font-size:=\"\" 14px;=\"\" text-align:=\"\" justify;\"=\"\">Nunc malesuada, nibh id venenatis eleifend, mi augue rutrum purus, dignissim luctus justo lorem non risus. Nulla iaculis metus non justo consequat, ac placerat arcu fringilla. Praesent nec consectetur nunc. Aenean sollicitudin, diam vel mollis semper, est est tincidunt ligula, et accumsan mi risus quis erat. Nulla sagittis ex a consectetur mollis.</span>                                    \r\n           </p>', 0, 1, '2024-11-26', '2024-11-26 01:21:25');
INSERT INTO `products` (`id_product`, `id_category_product`, `id_subcategory_product`, `name_product`, `url_product`, `image_product`, `description_product`, `keywords_product`, `info_product`, `views_product`, `status_product`, `date_created_product`, `date_updated_product`) VALUES
(17, 1, 2, 'Conjunto 2 Para Hombre 3', 'conjunto-2-para-hombre-3', 'conjunto-2-para-hombre-3.jpg', 'Praesent a imperdiet velit, consectetur ullamcorper tellus. Nam suscipit suscipit sem, a tincidunt ex placerat eu. Nunc tristique mauris bibendum metus convallis porta. Maecenas fermentum tortor eu dolor efficitur, vitae lobortis felis rutrum. Proin dictum purus nec congue blandit. Vivamus rutrum consequat eros at placerat.', 'ropa,hombre,lorem,ipsum', '<p><img src=\"/views/assets/css/plugins/summernote/img/blank.gif\" class=\"img\" style=\"display:inline-block;width:25px;height:25px;background:url(\'/views/assets/css/plugins/summernote/img/emoji_spritesheet_0.png\') -250px -150px no-repeat;background-size:675px 175px;\" alt=\":heart:\"><span style=\"color: rgb(0, 0, 0); font-family: \" open=\"\" sans\",=\"\" arial,=\"\" sans-serif;=\"\" font-size:=\"\" 14px;=\"\" text-align:=\"\" justify;\"=\"\">Lorem ipsum dolor sit amet, consectetur adipiscing elit. Donec eget aliquam urna, eu pharetra nisi. Maecenas lacinia tristique tincidunt. Aliquam in auctor metus. Pellentesque neque ante, rutrum ut est at, lacinia aliquet neque. Donec vitae ex orci.</span><img src=\"/views/assets/css/plugins/summernote/img/blank.gif\" class=\"img\" style=\"display:inline-block;width:25px;height:25px;background:url(\'/views/assets/css/plugins/summernote/img/emoji_spritesheet_0.png\') -75px -75px no-repeat;background-size:675px 175px;\" alt=\":see_no_evil:\"></p><p><img src=\"/views/assets/img/products/conjunto-2-para-hombre-3/8697352643.jpg\" style=\"width: 100%;\" class=\"img-fluid\"><span style=\"color: rgb(0, 0, 0); font-family: \" open=\"\" sans\",=\"\" arial,=\"\" sans-serif;=\"\" font-size:=\"\" 14px;=\"\" text-align:=\"\" justify;\"=\"\"><br></span></p><p><span style=\"color: rgb(0, 0, 0); font-family: \" open=\"\" sans\",=\"\" arial,=\"\" sans-serif;=\"\" font-size:=\"\" 14px;=\"\" text-align:=\"\" justify;\"=\"\"> Duis vehicula vehicula lacus, vel congue eros ultrices vel. Nam posuere elit ut ligula venenatis volutpat. Nullam ac lectus vel felis pretium auctor a ac massa. </span></p><p><span style=\"color: rgb(0, 0, 0); font-family: \" open=\"\" sans\",=\"\" arial,=\"\" sans-serif;=\"\" font-size:=\"\" 14px;=\"\" text-align:=\"\" justify;\"=\"\"><b>Fusce in fringilla ante. Vestibulum auctor accumsan dui, non pharetra urna gravida id. Sed in felis et urna posuere egestas vel feugiat eros. </b></span></p><p><span style=\"color: rgb(0, 0, 0); font-family: \" open=\"\" sans\",=\"\" arial,=\"\" sans-serif;=\"\" font-size:=\"\" 14px;=\"\" text-align:=\"\" justify;\"=\"\">Nunc malesuada, nibh id venenatis eleifend, mi augue rutrum purus, dignissim luctus justo lorem non risus. Nulla iaculis metus non justo consequat, ac placerat arcu fringilla. Praesent nec consectetur nunc. Aenean sollicitudin, diam vel mollis semper, est est tincidunt ligula, et accumsan mi risus quis erat. Nulla sagittis ex a consectetur mollis.</span>                                    \r\n           </p>', 0, 1, '2024-11-26', '2024-11-26 01:42:10'),
(18, 1, 3, 'Conjunto Deportivo 3', 'conjunto-deportivo-3', 'conjunto-deportivo-3.jpg', 'Praesent a imperdiet velit, consectetur ullamcorper tellus. Nam suscipit suscipit sem, a tincidunt ex placerat eu. Nunc tristique mauris bibendum metus convallis porta. Maecenas fermentum tortor eu dolor efficitur, vitae lobortis felis rutrum. Proin dictum purus nec congue blandit. Vivamus rutrum consequat eros at placerat.', 'ropa,deportiva,lorem,ipsum', '<p><img src=\"/views/assets/css/plugins/summernote/img/blank.gif\" class=\"img\" style=\"display:inline-block;width:25px;height:25px;background:url(\'/views/assets/css/plugins/summernote/img/emoji_spritesheet_0.png\') -250px -150px no-repeat;background-size:675px 175px;\" alt=\":heart:\"><span style=\"color: rgb(0, 0, 0); font-family: \" open=\"\" sans\",=\"\" arial,=\"\" sans-serif;=\"\" font-size:=\"\" 14px;=\"\" text-align:=\"\" justify;\"=\"\">Lorem ipsum dolor sit amet, consectetur adipiscing elit. Donec eget aliquam urna, eu pharetra nisi. Maecenas lacinia tristique tincidunt. Aliquam in auctor metus. Pellentesque neque ante, rutrum ut est at, lacinia aliquet neque. Donec vitae ex orci.</span><img src=\"/views/assets/css/plugins/summernote/img/blank.gif\" class=\"img\" style=\"display:inline-block;width:25px;height:25px;background:url(\'/views/assets/css/plugins/summernote/img/emoji_spritesheet_0.png\') -75px -75px no-repeat;background-size:675px 175px;\" alt=\":see_no_evil:\"></p><p><img src=\"/views/assets/img/products/conjunto-deportivo-3/8073804238.jpg\" style=\"width: 100%;\" class=\"img-fluid\"><span style=\"color: rgb(0, 0, 0); font-family: \" open=\"\" sans\",=\"\" arial,=\"\" sans-serif;=\"\" font-size:=\"\" 14px;=\"\" text-align:=\"\" justify;\"=\"\"><br></span></p><p><span style=\"color: rgb(0, 0, 0); font-family: \" open=\"\" sans\",=\"\" arial,=\"\" sans-serif;=\"\" font-size:=\"\" 14px;=\"\" text-align:=\"\" justify;\"=\"\"> Duis vehicula vehicula lacus, vel congue eros ultrices vel. Nam posuere elit ut ligula venenatis volutpat. Nullam ac lectus vel felis pretium auctor a ac massa. </span></p><p><span style=\"color: rgb(0, 0, 0); font-family: \" open=\"\" sans\",=\"\" arial,=\"\" sans-serif;=\"\" font-size:=\"\" 14px;=\"\" text-align:=\"\" justify;\"=\"\"><b>Fusce in fringilla ante. Vestibulum auctor accumsan dui, non pharetra urna gravida id. Sed in felis et urna posuere egestas vel feugiat eros. </b></span></p><p><span style=\"color: rgb(0, 0, 0); font-family: \" open=\"\" sans\",=\"\" arial,=\"\" sans-serif;=\"\" font-size:=\"\" 14px;=\"\" text-align:=\"\" justify;\"=\"\">Nunc malesuada, nibh id venenatis eleifend, mi augue rutrum purus, dignissim luctus justo lorem non risus. Nulla iaculis metus non justo consequat, ac placerat arcu fringilla. Praesent nec consectetur nunc. Aenean sollicitudin, diam vel mollis semper, est est tincidunt ligula, et accumsan mi risus quis erat. Nulla sagittis ex a consectetur mollis.</span>                                    \r\n           </p>', 15, 1, '2024-11-26', '2024-11-26 07:45:14'),
(19, 2, 7, 'Tennis Deportivo 1', 'tennis-deportivo-1', 'tennis-deportivo-1.png', 'Praesent a imperdiet velit, consectetur ullamcorper tellus. Nam suscipit suscipit sem, a tincidunt ex placerat eu. Nunc tristique mauris bibendum metus convallis porta. Maecenas fermentum tortor eu dolor efficitur, vitae lobortis felis rutrum. Proin dictum purus nec congue blandit. Vivamus rutrum consequat eros at placerat.', 'tennis,calzado,deportivo', '<p><img src=\"/views/assets/css/plugins/summernote/img/blank.gif\" class=\"img\" style=\"display:inline-block;width:25px;height:25px;background:url(\'/views/assets/css/plugins/summernote/img/emoji_spritesheet_0.png\') -250px -150px no-repeat;background-size:675px 175px;\" alt=\":heart:\"><span style=\"color: rgb(0, 0, 0); font-family: \" open=\"\" sans\",=\"\" arial,=\"\" sans-serif;=\"\" font-size:=\"\" 14px;=\"\" text-align:=\"\" justify;\"=\"\">Lorem ipsum dolor sit amet, consectetur adipiscing elit. Donec eget aliquam urna, eu pharetra nisi. Maecenas lacinia tristique tincidunt. Aliquam in auctor metus. Pellentesque neque ante, rutrum ut est at, lacinia aliquet neque. Donec vitae ex orci.</span><img src=\"/views/assets/css/plugins/summernote/img/blank.gif\" class=\"img\" style=\"display:inline-block;width:25px;height:25px;background:url(\'/views/assets/css/plugins/summernote/img/emoji_spritesheet_0.png\') -75px -75px no-repeat;background-size:675px 175px;\" alt=\":see_no_evil:\"></p><p><img src=\"/views/assets/img/products/tennis-deportivo-1/114722965.png\" style=\"width: 100%;\" class=\"img-fluid\"><span style=\"color: rgb(0, 0, 0); font-family: \" open=\"\" sans\",=\"\" arial,=\"\" sans-serif;=\"\" font-size:=\"\" 14px;=\"\" text-align:=\"\" justify;\"=\"\"><br></span></p><p><span style=\"color: rgb(0, 0, 0); font-family: \" open=\"\" sans\",=\"\" arial,=\"\" sans-serif;=\"\" font-size:=\"\" 14px;=\"\" text-align:=\"\" justify;\"=\"\"> Duis vehicula vehicula lacus, vel congue eros ultrices vel. Nam posuere elit ut ligula venenatis volutpat. Nullam ac lectus vel felis pretium auctor a ac massa. </span></p><p><span style=\"color: rgb(0, 0, 0); font-family: \" open=\"\" sans\",=\"\" arial,=\"\" sans-serif;=\"\" font-size:=\"\" 14px;=\"\" text-align:=\"\" justify;\"=\"\"><b>Fusce in fringilla ante. Vestibulum auctor accumsan dui, non pharetra urna gravida id. Sed in felis et urna posuere egestas vel feugiat eros. </b></span></p><p><span style=\"color: rgb(0, 0, 0); font-family: \" open=\"\" sans\",=\"\" arial,=\"\" sans-serif;=\"\" font-size:=\"\" 14px;=\"\" text-align:=\"\" justify;\"=\"\">Nunc malesuada, nibh id venenatis eleifend, mi augue rutrum purus, dignissim luctus justo lorem non risus. Nulla iaculis metus non justo consequat, ac placerat arcu fringilla. Praesent nec consectetur nunc. Aenean sollicitudin, diam vel mollis semper, est est tincidunt ligula, et accumsan mi risus quis erat. Nulla sagittis ex a consectetur mollis.</span>                                    \r\n           </p>', 20, 1, '2024-11-26', '2024-11-26 08:15:41'),
(20, 2, 7, 'Tennis Deportivo 2', 'tennis-deportivo-2', 'tennis-deportivo-2.png', 'Praesent a imperdiet velit, consectetur ullamcorper tellus. Nam suscipit suscipit sem, a tincidunt ex placerat eu. Nunc tristique mauris bibendum metus convallis porta. Maecenas fermentum tortor eu dolor efficitur, vitae lobortis felis rutrum. Proin dictum purus nec congue blandit. Vivamus rutrum consequat eros at placerat.', 'tennis,calzado,deportivo', '<p><img src=\"/views/assets/css/plugins/summernote/img/blank.gif\" class=\"img\" style=\"display:inline-block;width:25px;height:25px;background:url(\'/views/assets/css/plugins/summernote/img/emoji_spritesheet_0.png\') -250px -150px no-repeat;background-size:675px 175px;\" alt=\":heart:\"><span style=\"color: rgb(0, 0, 0); font-family: \" open=\"\" sans\",=\"\" arial,=\"\" sans-serif;=\"\" font-size:=\"\" 14px;=\"\" text-align:=\"\" justify;\"=\"\">Lorem ipsum dolor sit amet, consectetur adipiscing elit. Donec eget aliquam urna, eu pharetra nisi. Maecenas lacinia tristique tincidunt. Aliquam in auctor metus. Pellentesque neque ante, rutrum ut est at, lacinia aliquet neque. Donec vitae ex orci.</span><img src=\"/views/assets/css/plugins/summernote/img/blank.gif\" class=\"img\" style=\"display:inline-block;width:25px;height:25px;background:url(\'/views/assets/css/plugins/summernote/img/emoji_spritesheet_0.png\') -75px -75px no-repeat;background-size:675px 175px;\" alt=\":see_no_evil:\"></p><p><img src=\"/views/assets/img/products/tennis-deportivo-2/1939599254.png\" style=\"width: 100%;\" class=\"img-fluid\"><span style=\"color: rgb(0, 0, 0); font-family: \" open=\"\" sans\",=\"\" arial,=\"\" sans-serif;=\"\" font-size:=\"\" 14px;=\"\" text-align:=\"\" justify;\"=\"\"><br></span></p><p><span style=\"color: rgb(0, 0, 0); font-family: \" open=\"\" sans\",=\"\" arial,=\"\" sans-serif;=\"\" font-size:=\"\" 14px;=\"\" text-align:=\"\" justify;\"=\"\"> Duis vehicula vehicula lacus, vel congue eros ultrices vel. Nam posuere elit ut ligula venenatis volutpat. Nullam ac lectus vel felis pretium auctor a ac massa. </span></p><p><span style=\"color: rgb(0, 0, 0); font-family: \" open=\"\" sans\",=\"\" arial,=\"\" sans-serif;=\"\" font-size:=\"\" 14px;=\"\" text-align:=\"\" justify;\"=\"\"><b>Fusce in fringilla ante. Vestibulum auctor accumsan dui, non pharetra urna gravida id. Sed in felis et urna posuere egestas vel feugiat eros. </b></span></p><p><span style=\"color: rgb(0, 0, 0); font-family: \" open=\"\" sans\",=\"\" arial,=\"\" sans-serif;=\"\" font-size:=\"\" 14px;=\"\" text-align:=\"\" justify;\"=\"\">Nunc malesuada, nibh id venenatis eleifend, mi augue rutrum purus, dignissim luctus justo lorem non risus. Nulla iaculis metus non justo consequat, ac placerat arcu fringilla. Praesent nec consectetur nunc. Aenean sollicitudin, diam vel mollis semper, est est tincidunt ligula, et accumsan mi risus quis erat. Nulla sagittis ex a consectetur mollis.</span>                                    \r\n           </p>', 0, 1, '2024-11-26', '2024-11-26 01:53:46'),
(21, 2, 7, 'Tennis Deportivo 3', 'tennis-deportivo-3', 'tennis-deportivo-3.png', 'Praesent a imperdiet velit, consectetur ullamcorper tellus. Nam suscipit suscipit sem, a tincidunt ex placerat eu. Nunc tristique mauris bibendum metus convallis porta. Maecenas fermentum tortor eu dolor efficitur, vitae lobortis felis rutrum. Proin dictum purus nec congue blandit. Vivamus rutrum consequat eros at placerat.', 'tennis,calzado,deportivo', '<p><img src=\"/views/assets/css/plugins/summernote/img/blank.gif\" class=\"img\" style=\"display:inline-block;width:25px;height:25px;background:url(\'/views/assets/css/plugins/summernote/img/emoji_spritesheet_0.png\') -250px -150px no-repeat;background-size:675px 175px;\" alt=\":heart:\"><span style=\"color: rgb(0, 0, 0); font-family: \" open=\"\" sans\",=\"\" arial,=\"\" sans-serif;=\"\" font-size:=\"\" 14px;=\"\" text-align:=\"\" justify;\"=\"\">Lorem ipsum dolor sit amet, consectetur adipiscing elit. Donec eget aliquam urna, eu pharetra nisi. Maecenas lacinia tristique tincidunt. Aliquam in auctor metus. Pellentesque neque ante, rutrum ut est at, lacinia aliquet neque. Donec vitae ex orci.</span><img src=\"/views/assets/css/plugins/summernote/img/blank.gif\" class=\"img\" style=\"display:inline-block;width:25px;height:25px;background:url(\'/views/assets/css/plugins/summernote/img/emoji_spritesheet_0.png\') -75px -75px no-repeat;background-size:675px 175px;\" alt=\":see_no_evil:\"></p><p><img src=\"/views/assets/img/products/tennis-deportivo-3/6596428147.png\" style=\"width: 100%;\" class=\"img-fluid\"><span style=\"color: rgb(0, 0, 0); font-family: \" open=\"\" sans\",=\"\" arial,=\"\" sans-serif;=\"\" font-size:=\"\" 14px;=\"\" text-align:=\"\" justify;\"=\"\"><br></span></p><p><span style=\"color: rgb(0, 0, 0); font-family: \" open=\"\" sans\",=\"\" arial,=\"\" sans-serif;=\"\" font-size:=\"\" 14px;=\"\" text-align:=\"\" justify;\"=\"\"> Duis vehicula vehicula lacus, vel congue eros ultrices vel. Nam posuere elit ut ligula venenatis volutpat. Nullam ac lectus vel felis pretium auctor a ac massa. </span></p><p><span style=\"color: rgb(0, 0, 0); font-family: \" open=\"\" sans\",=\"\" arial,=\"\" sans-serif;=\"\" font-size:=\"\" 14px;=\"\" text-align:=\"\" justify;\"=\"\"><b>Fusce in fringilla ante. Vestibulum auctor accumsan dui, non pharetra urna gravida id. Sed in felis et urna posuere egestas vel feugiat eros. </b></span></p><p><span style=\"color: rgb(0, 0, 0); font-family: \" open=\"\" sans\",=\"\" arial,=\"\" sans-serif;=\"\" font-size:=\"\" 14px;=\"\" text-align:=\"\" justify;\"=\"\">Nunc malesuada, nibh id venenatis eleifend, mi augue rutrum purus, dignissim luctus justo lorem non risus. Nulla iaculis metus non justo consequat, ac placerat arcu fringilla. Praesent nec consectetur nunc. Aenean sollicitudin, diam vel mollis semper, est est tincidunt ligula, et accumsan mi risus quis erat. Nulla sagittis ex a consectetur mollis.</span>                                    \r\n           </p>', 0, 1, '2024-11-26', '2024-11-26 01:55:42'),
(22, 2, 6, 'Calzado Masculino', 'calzado-masculino', 'calzado-masculino.jpg', 'Praesent a imperdiet velit, consectetur ullamcorper tellus. Nam suscipit suscipit sem, a tincidunt ex placerat eu. Nunc tristique mauris bibendum metus convallis porta. Maecenas fermentum tortor eu dolor efficitur, vitae lobortis felis rutrum. Proin dictum purus nec congue blandit. Vivamus rutrum consequat eros at placerat.', 'calzado,masculino,lorem', '<p><img src=\"/views/assets/css/plugins/summernote/img/blank.gif\" class=\"img\" style=\"display:inline-block;width:25px;height:25px;background:url(\'/views/assets/css/plugins/summernote/img/emoji_spritesheet_0.png\') -250px -150px no-repeat;background-size:675px 175px;\" alt=\":heart:\"><span style=\"color: rgb(0, 0, 0); font-family: \" open=\"\" sans\",=\"\" arial,=\"\" sans-serif;=\"\" font-size:=\"\" 14px;=\"\" text-align:=\"\" justify;\"=\"\">Lorem ipsum dolor sit amet, consectetur adipiscing elit. Donec eget aliquam urna, eu pharetra nisi. Maecenas lacinia tristique tincidunt. Aliquam in auctor metus. Pellentesque neque ante, rutrum ut est at, lacinia aliquet neque. Donec vitae ex orci.</span><img src=\"/views/assets/css/plugins/summernote/img/blank.gif\" class=\"img\" style=\"display:inline-block;width:25px;height:25px;background:url(\'/views/assets/css/plugins/summernote/img/emoji_spritesheet_0.png\') -75px -75px no-repeat;background-size:675px 175px;\" alt=\":see_no_evil:\"></p><p><img src=\"/views/assets/img/products/calzado-masculino/311623876.jpg\" style=\"width: 100%;\" class=\"img-fluid\"><span style=\"color: rgb(0, 0, 0); font-family: \" open=\"\" sans\",=\"\" arial,=\"\" sans-serif;=\"\" font-size:=\"\" 14px;=\"\" text-align:=\"\" justify;\"=\"\"><br></span></p><p><span style=\"color: rgb(0, 0, 0); font-family: \" open=\"\" sans\",=\"\" arial,=\"\" sans-serif;=\"\" font-size:=\"\" 14px;=\"\" text-align:=\"\" justify;\"=\"\"> Duis vehicula vehicula lacus, vel congue eros ultrices vel. Nam posuere elit ut ligula venenatis volutpat. Nullam ac lectus vel felis pretium auctor a ac massa. </span></p><p><span style=\"color: rgb(0, 0, 0); font-family: \" open=\"\" sans\",=\"\" arial,=\"\" sans-serif;=\"\" font-size:=\"\" 14px;=\"\" text-align:=\"\" justify;\"=\"\"><b>Fusce in fringilla ante. Vestibulum auctor accumsan dui, non pharetra urna gravida id. Sed in felis et urna posuere egestas vel feugiat eros. </b></span></p><p><span style=\"color: rgb(0, 0, 0); font-family: \" open=\"\" sans\",=\"\" arial,=\"\" sans-serif;=\"\" font-size:=\"\" 14px;=\"\" text-align:=\"\" justify;\"=\"\">Nunc malesuada, nibh id venenatis eleifend, mi augue rutrum purus, dignissim luctus justo lorem non risus. Nulla iaculis metus non justo consequat, ac placerat arcu fringilla. Praesent nec consectetur nunc. Aenean sollicitudin, diam vel mollis semper, est est tincidunt ligula, et accumsan mi risus quis erat. Nulla sagittis ex a consectetur mollis.</span>                                    \r\n           </p>', 0, 1, '2024-11-26', '2024-11-26 01:57:33'),
(23, 4, 13, 'Curso De Css 1', 'curso-de-css-1', 'curso-de-css-1.jpg', 'Praesent a imperdiet velit, consectetur ullamcorper tellus. Nam suscipit suscipit sem, a tincidunt ex placerat eu. Nunc tristique mauris bibendum metus convallis porta. Maecenas fermentum tortor eu dolor efficitur, vitae lobortis felis rutrum. Proin dictum purus nec congue blandit. Vivamus rutrum consequat eros at placerat.', 'cursos,css,html', '<p><img src=\"/views/assets/css/plugins/summernote/img/blank.gif\" class=\"img\" style=\"display:inline-block;width:25px;height:25px;background:url(\'/views/assets/css/plugins/summernote/img/emoji_spritesheet_0.png\') -250px -150px no-repeat;background-size:675px 175px;\" alt=\":heart:\"><span style=\"color: rgb(0, 0, 0); font-family: \" open=\"\" sans\",=\"\" arial,=\"\" sans-serif;=\"\" font-size:=\"\" 14px;=\"\" text-align:=\"\" justify;\"=\"\">Lorem ipsum dolor sit amet, consectetur adipiscing elit. Donec eget aliquam urna, eu pharetra nisi. Maecenas lacinia tristique tincidunt. Aliquam in auctor metus. Pellentesque neque ante, rutrum ut est at, lacinia aliquet neque. Donec vitae ex orci.</span><img src=\"/views/assets/css/plugins/summernote/img/blank.gif\" class=\"img\" style=\"display:inline-block;width:25px;height:25px;background:url(\'/views/assets/css/plugins/summernote/img/emoji_spritesheet_0.png\') -75px -75px no-repeat;background-size:675px 175px;\" alt=\":see_no_evil:\"></p><p><img src=\"/views/assets/img/products/curso-de-css-1/1668045341.jpg\" style=\"width: 100%;\" class=\"img-fluid\"><span style=\"color: rgb(0, 0, 0); font-family: \" open=\"\" sans\",=\"\" arial,=\"\" sans-serif;=\"\" font-size:=\"\" 14px;=\"\" text-align:=\"\" justify;\"=\"\"><br></span></p><p><span style=\"color: rgb(0, 0, 0); font-family: \" open=\"\" sans\",=\"\" arial,=\"\" sans-serif;=\"\" font-size:=\"\" 14px;=\"\" text-align:=\"\" justify;\"=\"\"> Duis vehicula vehicula lacus, vel congue eros ultrices vel. Nam posuere elit ut ligula venenatis volutpat. Nullam ac lectus vel felis pretium auctor a ac massa. </span></p><p><span style=\"color: rgb(0, 0, 0); font-family: \" open=\"\" sans\",=\"\" arial,=\"\" sans-serif;=\"\" font-size:=\"\" 14px;=\"\" text-align:=\"\" justify;\"=\"\"><b>Fusce in fringilla ante. Vestibulum auctor accumsan dui, non pharetra urna gravida id. Sed in felis et urna posuere egestas vel feugiat eros. </b></span></p><p><span style=\"color: rgb(0, 0, 0); font-family: \" open=\"\" sans\",=\"\" arial,=\"\" sans-serif;=\"\" font-size:=\"\" 14px;=\"\" text-align:=\"\" justify;\"=\"\">Nunc malesuada, nibh id venenatis eleifend, mi augue rutrum purus, dignissim luctus justo lorem non risus. Nulla iaculis metus non justo consequat, ac placerat arcu fringilla. Praesent nec consectetur nunc. Aenean sollicitudin, diam vel mollis semper, est est tincidunt ligula, et accumsan mi risus quis erat. Nulla sagittis ex a consectetur mollis.</span>                                    \r\n           </p>', 0, 1, '2024-11-26', '2024-11-26 08:15:30'),
(24, 4, 13, 'Curso De Bootstrap 1', 'curso-de-bootstrap-1', 'curso-de-bootstrap-1.jpg', 'Praesent a imperdiet velit, consectetur ullamcorper tellus. Nam suscipit suscipit sem, a tincidunt ex placerat eu. Nunc tristique mauris bibendum metus convallis porta. Maecenas fermentum tortor eu dolor efficitur, vitae lobortis felis rutrum. Proin dictum purus nec congue blandit. Vivamus rutrum consequat eros at placerat.', 'cursos,bootstrap,html,css', '<p><img src=\"/views/assets/css/plugins/summernote/img/blank.gif\" class=\"img\" style=\"display:inline-block;width:25px;height:25px;background:url(\'/views/assets/css/plugins/summernote/img/emoji_spritesheet_0.png\') -250px -150px no-repeat;background-size:675px 175px;\" alt=\":heart:\"><span style=\"color: rgb(0, 0, 0); font-family: \" open=\"\" sans\",=\"\" arial,=\"\" sans-serif;=\"\" font-size:=\"\" 14px;=\"\" text-align:=\"\" justify;\"=\"\">Lorem ipsum dolor sit amet, consectetur adipiscing elit. Donec eget aliquam urna, eu pharetra nisi. Maecenas lacinia tristique tincidunt. Aliquam in auctor metus. Pellentesque neque ante, rutrum ut est at, lacinia aliquet neque. Donec vitae ex orci.</span><img src=\"/views/assets/css/plugins/summernote/img/blank.gif\" class=\"img\" style=\"display:inline-block;width:25px;height:25px;background:url(\'/views/assets/css/plugins/summernote/img/emoji_spritesheet_0.png\') -75px -75px no-repeat;background-size:675px 175px;\" alt=\":see_no_evil:\"></p><p><img src=\"/views/assets/img/products/curso-de-bootstrap-1/593235194.jpg\" style=\"width: 100%;\" class=\"img-fluid\"><span style=\"color: rgb(0, 0, 0); font-family: \" open=\"\" sans\",=\"\" arial,=\"\" sans-serif;=\"\" font-size:=\"\" 14px;=\"\" text-align:=\"\" justify;\"=\"\"><br></span></p><p><span style=\"color: rgb(0, 0, 0); font-family: \" open=\"\" sans\",=\"\" arial,=\"\" sans-serif;=\"\" font-size:=\"\" 14px;=\"\" text-align:=\"\" justify;\"=\"\"> Duis vehicula vehicula lacus, vel congue eros ultrices vel. Nam posuere elit ut ligula venenatis volutpat. Nullam ac lectus vel felis pretium auctor a ac massa. </span></p><p><span style=\"color: rgb(0, 0, 0); font-family: \" open=\"\" sans\",=\"\" arial,=\"\" sans-serif;=\"\" font-size:=\"\" 14px;=\"\" text-align:=\"\" justify;\"=\"\"><b>Fusce in fringilla ante. Vestibulum auctor accumsan dui, non pharetra urna gravida id. Sed in felis et urna posuere egestas vel feugiat eros. </b></span></p><p><span style=\"color: rgb(0, 0, 0); font-family: \" open=\"\" sans\",=\"\" arial,=\"\" sans-serif;=\"\" font-size:=\"\" 14px;=\"\" text-align:=\"\" justify;\"=\"\">Nunc malesuada, nibh id venenatis eleifend, mi augue rutrum purus, dignissim luctus justo lorem non risus. Nulla iaculis metus non justo consequat, ac placerat arcu fringilla. Praesent nec consectetur nunc. Aenean sollicitudin, diam vel mollis semper, est est tincidunt ligula, et accumsan mi risus quis erat. Nulla sagittis ex a consectetur mollis.</span>                                    \r\n           </p>', 0, 1, '2024-11-26', '2024-11-26 02:02:15'),
(25, 4, 13, 'Curso De Javascript 1', 'curso-de-javascript-1', 'curso-de-javascript-1.jpg', 'Praesent a imperdiet velit, consectetur ullamcorper tellus. Nam suscipit suscipit sem, a tincidunt ex placerat eu. Nunc tristique mauris bibendum metus convallis porta. Maecenas fermentum tortor eu dolor efficitur, vitae lobortis felis rutrum. Proin dictum purus nec congue blandit. Vivamus rutrum consequat eros at placerat.', 'curso,javascript,desarrollo web', '<p><img src=\"/views/assets/css/plugins/summernote/img/blank.gif\" class=\"img\" style=\"display:inline-block;width:25px;height:25px;background:url(\'/views/assets/css/plugins/summernote/img/emoji_spritesheet_0.png\') -250px -150px no-repeat;background-size:675px 175px;\" alt=\":heart:\"><span style=\"color: rgb(0, 0, 0); font-family: \" open=\"\" sans\",=\"\" arial,=\"\" sans-serif;=\"\" font-size:=\"\" 14px;=\"\" text-align:=\"\" justify;\"=\"\">Lorem ipsum dolor sit amet, consectetur adipiscing elit. Donec eget aliquam urna, eu pharetra nisi. Maecenas lacinia tristique tincidunt. Aliquam in auctor metus. Pellentesque neque ante, rutrum ut est at, lacinia aliquet neque. Donec vitae ex orci.</span><img src=\"/views/assets/css/plugins/summernote/img/blank.gif\" class=\"img\" style=\"display:inline-block;width:25px;height:25px;background:url(\'/views/assets/css/plugins/summernote/img/emoji_spritesheet_0.png\') -75px -75px no-repeat;background-size:675px 175px;\" alt=\":see_no_evil:\"></p><p><img src=\"/views/assets/img/products/curso-de-javascript-1/4664538127.jpg\" style=\"width: 100%;\" class=\"img-fluid\"><span style=\"color: rgb(0, 0, 0); font-family: \" open=\"\" sans\",=\"\" arial,=\"\" sans-serif;=\"\" font-size:=\"\" 14px;=\"\" text-align:=\"\" justify;\"=\"\"><br></span></p><p><span style=\"color: rgb(0, 0, 0); font-family: \" open=\"\" sans\",=\"\" arial,=\"\" sans-serif;=\"\" font-size:=\"\" 14px;=\"\" text-align:=\"\" justify;\"=\"\"> Duis vehicula vehicula lacus, vel congue eros ultrices vel. Nam posuere elit ut ligula venenatis volutpat. Nullam ac lectus vel felis pretium auctor a ac massa. </span></p><p><span style=\"color: rgb(0, 0, 0); font-family: \" open=\"\" sans\",=\"\" arial,=\"\" sans-serif;=\"\" font-size:=\"\" 14px;=\"\" text-align:=\"\" justify;\"=\"\"><b>Fusce in fringilla ante. Vestibulum auctor accumsan dui, non pharetra urna gravida id. Sed in felis et urna posuere egestas vel feugiat eros. </b></span></p><p><span style=\"color: rgb(0, 0, 0); font-family: \" open=\"\" sans\",=\"\" arial,=\"\" sans-serif;=\"\" font-size:=\"\" 14px;=\"\" text-align:=\"\" justify;\"=\"\">Nunc malesuada, nibh id venenatis eleifend, mi augue rutrum purus, dignissim luctus justo lorem non risus. Nulla iaculis metus non justo consequat, ac placerat arcu fringilla. Praesent nec consectetur nunc. Aenean sollicitudin, diam vel mollis semper, est est tincidunt ligula, et accumsan mi risus quis erat. Nulla sagittis ex a consectetur mollis.</span>                                    \r\n           </p>', 0, 1, '2024-11-26', '2024-11-26 02:04:15'),
(26, 4, 13, 'Curso De Bootstrap 3', 'curso-de-bootstrap-3', 'curso-de-bootstrap-3.jpg', 'Praesent a imperdiet velit, consectetur ullamcorper tellus. Nam suscipit suscipit sem, a tincidunt ex placerat eu. Nunc tristique mauris bibendum metus convallis porta. Maecenas fermentum tortor eu dolor efficitur, vitae lobortis felis rutrum. Proin dictum purus nec congue blandit. Vivamus rutrum consequat eros at placerat.', 'cursos,bootstrap,html,css', '<p><img src=\"/views/assets/css/plugins/summernote/img/blank.gif\" class=\"img\" style=\"display:inline-block;width:25px;height:25px;background:url(\'/views/assets/css/plugins/summernote/img/emoji_spritesheet_0.png\') -250px -150px no-repeat;background-size:675px 175px;\" alt=\":heart:\"><span style=\"color: rgb(0, 0, 0); font-family: \" open=\"\" sans\",=\"\" arial,=\"\" sans-serif;=\"\" font-size:=\"\" 14px;=\"\" text-align:=\"\" justify;\"=\"\">Lorem ipsum dolor sit amet, consectetur adipiscing elit. Donec eget aliquam urna, eu pharetra nisi. Maecenas lacinia tristique tincidunt. Aliquam in auctor metus. Pellentesque neque ante, rutrum ut est at, lacinia aliquet neque. Donec vitae ex orci.</span><img src=\"/views/assets/css/plugins/summernote/img/blank.gif\" class=\"img\" style=\"display:inline-block;width:25px;height:25px;background:url(\'/views/assets/css/plugins/summernote/img/emoji_spritesheet_0.png\') -75px -75px no-repeat;background-size:675px 175px;\" alt=\":see_no_evil:\"></p><p><img src=\"/views/assets/img/products/curso-de-bootstrap-3/7485487847.jpg\" style=\"width: 100%;\" class=\"img-fluid\"><span style=\"color: rgb(0, 0, 0); font-family: \" open=\"\" sans\",=\"\" arial,=\"\" sans-serif;=\"\" font-size:=\"\" 14px;=\"\" text-align:=\"\" justify;\"=\"\"><br></span></p><p><span style=\"color: rgb(0, 0, 0); font-family: \" open=\"\" sans\",=\"\" arial,=\"\" sans-serif;=\"\" font-size:=\"\" 14px;=\"\" text-align:=\"\" justify;\"=\"\"> Duis vehicula vehicula lacus, vel congue eros ultrices vel. Nam posuere elit ut ligula venenatis volutpat. Nullam ac lectus vel felis pretium auctor a ac massa. </span></p><p><span style=\"color: rgb(0, 0, 0); font-family: \" open=\"\" sans\",=\"\" arial,=\"\" sans-serif;=\"\" font-size:=\"\" 14px;=\"\" text-align:=\"\" justify;\"=\"\"><b>Fusce in fringilla ante. Vestibulum auctor accumsan dui, non pharetra urna gravida id. Sed in felis et urna posuere egestas vel feugiat eros. </b></span></p><p><span style=\"color: rgb(0, 0, 0); font-family: \" open=\"\" sans\",=\"\" arial,=\"\" sans-serif;=\"\" font-size:=\"\" 14px;=\"\" text-align:=\"\" justify;\"=\"\">Nunc malesuada, nibh id venenatis eleifend, mi augue rutrum purus, dignissim luctus justo lorem non risus. Nulla iaculis metus non justo consequat, ac placerat arcu fringilla. Praesent nec consectetur nunc. Aenean sollicitudin, diam vel mollis semper, est est tincidunt ligula, et accumsan mi risus quis erat. Nulla sagittis ex a consectetur mollis.</span>                                    \r\n           </p>', 0, 1, '2024-11-26', '2024-11-26 02:06:26'),
(27, 4, 13, 'Curso De Jquery 1', 'curso-de-jquery-1', 'curso-de-jquery-1.jpg', 'Praesent a imperdiet velit, consectetur ullamcorper tellus. Nam suscipit suscipit sem, a tincidunt ex placerat eu. Nunc tristique mauris bibendum metus convallis porta. Maecenas fermentum tortor eu dolor efficitur, vitae lobortis felis rutrum. Proin dictum purus nec congue blandit. Vivamus rutrum consequat eros at placerat.', 'curso,web,jquery', '<p><img src=\"/views/assets/css/plugins/summernote/img/blank.gif\" class=\"img\" style=\"display:inline-block;width:25px;height:25px;background:url(\'/views/assets/css/plugins/summernote/img/emoji_spritesheet_0.png\') -250px -150px no-repeat;background-size:675px 175px;\" alt=\":heart:\"><span style=\"color: rgb(0, 0, 0); font-family: \" open=\"\" sans\",=\"\" arial,=\"\" sans-serif;=\"\" font-size:=\"\" 14px;=\"\" text-align:=\"\" justify;\"=\"\">Lorem ipsum dolor sit amet, consectetur adipiscing elit. Donec eget aliquam urna, eu pharetra nisi. Maecenas lacinia tristique tincidunt. Aliquam in auctor metus. Pellentesque neque ante, rutrum ut est at, lacinia aliquet neque. Donec vitae ex orci.</span><img src=\"/views/assets/css/plugins/summernote/img/blank.gif\" class=\"img\" style=\"display:inline-block;width:25px;height:25px;background:url(\'/views/assets/css/plugins/summernote/img/emoji_spritesheet_0.png\') -75px -75px no-repeat;background-size:675px 175px;\" alt=\":see_no_evil:\"></p><p><img src=\"/views/assets/img/products/curso-de-jquery-1/1906240210.jpg\" style=\"width: 100%;\" class=\"img-fluid\"><span style=\"color: rgb(0, 0, 0); font-family: \" open=\"\" sans\",=\"\" arial,=\"\" sans-serif;=\"\" font-size:=\"\" 14px;=\"\" text-align:=\"\" justify;\"=\"\"><br></span></p><p><span style=\"color: rgb(0, 0, 0); font-family: \" open=\"\" sans\",=\"\" arial,=\"\" sans-serif;=\"\" font-size:=\"\" 14px;=\"\" text-align:=\"\" justify;\"=\"\"> Duis vehicula vehicula lacus, vel congue eros ultrices vel. Nam posuere elit ut ligula venenatis volutpat. Nullam ac lectus vel felis pretium auctor a ac massa. </span></p><p><span style=\"color: rgb(0, 0, 0); font-family: \" open=\"\" sans\",=\"\" arial,=\"\" sans-serif;=\"\" font-size:=\"\" 14px;=\"\" text-align:=\"\" justify;\"=\"\"><b>Fusce in fringilla ante. Vestibulum auctor accumsan dui, non pharetra urna gravida id. Sed in felis et urna posuere egestas vel feugiat eros. </b></span></p><p><span style=\"color: rgb(0, 0, 0); font-family: \" open=\"\" sans\",=\"\" arial,=\"\" sans-serif;=\"\" font-size:=\"\" 14px;=\"\" text-align:=\"\" justify;\"=\"\">Nunc malesuada, nibh id venenatis eleifend, mi augue rutrum purus, dignissim luctus justo lorem non risus. Nulla iaculis metus non justo consequat, ac placerat arcu fringilla. Praesent nec consectetur nunc. Aenean sollicitudin, diam vel mollis semper, est est tincidunt ligula, et accumsan mi risus quis erat. Nulla sagittis ex a consectetur mollis.</span>                                    \r\n           </p>', 0, 1, '2024-11-26', '2024-11-26 02:09:01'),
(28, 4, 13, 'Curso De Canvas 1', 'curso-de-canvas-1', 'curso-de-canvas-1.jpg', 'Praesent a imperdiet velit, consectetur ullamcorper tellus. Nam suscipit suscipit sem, a tincidunt ex placerat eu. Nunc tristique mauris bibendum metus convallis porta. Maecenas fermentum tortor eu dolor efficitur, vitae lobortis felis rutrum. Proin dictum purus nec congue blandit. Vivamus rutrum consequat eros at placerat.', 'canvas,cursos,desarrollo web', '<p><img src=\"/views/assets/css/plugins/summernote/img/blank.gif\" class=\"img\" style=\"display:inline-block;width:25px;height:25px;background:url(\'/views/assets/css/plugins/summernote/img/emoji_spritesheet_0.png\') -250px -150px no-repeat;background-size:675px 175px;\" alt=\":heart:\"><span style=\"color: rgb(0, 0, 0); font-family: \" open=\"\" sans\",=\"\" arial,=\"\" sans-serif;=\"\" font-size:=\"\" 14px;=\"\" text-align:=\"\" justify;\"=\"\">Lorem ipsum dolor sit amet, consectetur adipiscing elit. Donec eget aliquam urna, eu pharetra nisi. Maecenas lacinia tristique tincidunt. Aliquam in auctor metus. Pellentesque neque ante, rutrum ut est at, lacinia aliquet neque. Donec vitae ex orci.</span><img src=\"/views/assets/css/plugins/summernote/img/blank.gif\" class=\"img\" style=\"display:inline-block;width:25px;height:25px;background:url(\'/views/assets/css/plugins/summernote/img/emoji_spritesheet_0.png\') -75px -75px no-repeat;background-size:675px 175px;\" alt=\":see_no_evil:\"></p><p><img src=\"/views/assets/img/products/curso-de-canvas-1/8701616615.jpg\" style=\"width: 100%;\" class=\"img-fluid\"><span style=\"color: rgb(0, 0, 0); font-family: \" open=\"\" sans\",=\"\" arial,=\"\" sans-serif;=\"\" font-size:=\"\" 14px;=\"\" text-align:=\"\" justify;\"=\"\"><br></span></p><p><span style=\"color: rgb(0, 0, 0); font-family: \" open=\"\" sans\",=\"\" arial,=\"\" sans-serif;=\"\" font-size:=\"\" 14px;=\"\" text-align:=\"\" justify;\"=\"\"> Duis vehicula vehicula lacus, vel congue eros ultrices vel. Nam posuere elit ut ligula venenatis volutpat. Nullam ac lectus vel felis pretium auctor a ac massa. </span></p><p><span style=\"color: rgb(0, 0, 0); font-family: \" open=\"\" sans\",=\"\" arial,=\"\" sans-serif;=\"\" font-size:=\"\" 14px;=\"\" text-align:=\"\" justify;\"=\"\"><b>Fusce in fringilla ante. Vestibulum auctor accumsan dui, non pharetra urna gravida id. Sed in felis et urna posuere egestas vel feugiat eros. </b></span></p><p><span style=\"color: rgb(0, 0, 0); font-family: \" open=\"\" sans\",=\"\" arial,=\"\" sans-serif;=\"\" font-size:=\"\" 14px;=\"\" text-align:=\"\" justify;\"=\"\">Nunc malesuada, nibh id venenatis eleifend, mi augue rutrum purus, dignissim luctus justo lorem non risus. Nulla iaculis metus non justo consequat, ac placerat arcu fringilla. Praesent nec consectetur nunc. Aenean sollicitudin, diam vel mollis semper, est est tincidunt ligula, et accumsan mi risus quis erat. Nulla sagittis ex a consectetur mollis.</span>                                    \r\n           </p>', 0, 1, '2024-11-26', '2024-11-26 02:10:57'),
(29, 4, 13, 'Curso De Php 1', 'curso-de-php-1', 'curso-de-php-1.jpg', 'Praesent a imperdiet velit, consectetur ullamcorper tellus. Nam suscipit suscipit sem, a tincidunt ex placerat eu. Nunc tristique mauris bibendum metus convallis porta. Maecenas fermentum tortor eu dolor efficitur, vitae lobortis felis rutrum. Proin dictum purus nec congue blandit. Vivamus rutrum consequat eros at placerat.', 'cursos,php,backend', '<p><img src=\"/views/assets/css/plugins/summernote/img/blank.gif\" class=\"img\" style=\"display:inline-block;width:25px;height:25px;background:url(\'/views/assets/css/plugins/summernote/img/emoji_spritesheet_0.png\') -250px -150px no-repeat;background-size:675px 175px;\" alt=\":heart:\"><span style=\"color: rgb(0, 0, 0); font-family: \" open=\"\" sans\",=\"\" arial,=\"\" sans-serif;=\"\" font-size:=\"\" 14px;=\"\" text-align:=\"\" justify;\"=\"\">Lorem ipsum dolor sit amet, consectetur adipiscing elit. Donec eget aliquam urna, eu pharetra nisi. Maecenas lacinia tristique tincidunt. Aliquam in auctor metus. Pellentesque neque ante, rutrum ut est at, lacinia aliquet neque. Donec vitae ex orci.</span><img src=\"/views/assets/css/plugins/summernote/img/blank.gif\" class=\"img\" style=\"display:inline-block;width:25px;height:25px;background:url(\'/views/assets/css/plugins/summernote/img/emoji_spritesheet_0.png\') -75px -75px no-repeat;background-size:675px 175px;\" alt=\":see_no_evil:\"></p><p><img src=\"/views/assets/img/products/curso-de-php-1/8897780455.jpg\" style=\"width: 100%;\" class=\"img-fluid\"><span style=\"color: rgb(0, 0, 0); font-family: \" open=\"\" sans\",=\"\" arial,=\"\" sans-serif;=\"\" font-size:=\"\" 14px;=\"\" text-align:=\"\" justify;\"=\"\"><br></span></p><p><span style=\"color: rgb(0, 0, 0); font-family: \" open=\"\" sans\",=\"\" arial,=\"\" sans-serif;=\"\" font-size:=\"\" 14px;=\"\" text-align:=\"\" justify;\"=\"\"> Duis vehicula vehicula lacus, vel congue eros ultrices vel. Nam posuere elit ut ligula venenatis volutpat. Nullam ac lectus vel felis pretium auctor a ac massa. </span></p><p><span style=\"color: rgb(0, 0, 0); font-family: \" open=\"\" sans\",=\"\" arial,=\"\" sans-serif;=\"\" font-size:=\"\" 14px;=\"\" text-align:=\"\" justify;\"=\"\"><b>Fusce in fringilla ante. Vestibulum auctor accumsan dui, non pharetra urna gravida id. Sed in felis et urna posuere egestas vel feugiat eros. </b></span></p><p><span style=\"color: rgb(0, 0, 0); font-family: \" open=\"\" sans\",=\"\" arial,=\"\" sans-serif;=\"\" font-size:=\"\" 14px;=\"\" text-align:=\"\" justify;\"=\"\">Nunc malesuada, nibh id venenatis eleifend, mi augue rutrum purus, dignissim luctus justo lorem non risus. Nulla iaculis metus non justo consequat, ac placerat arcu fringilla. Praesent nec consectetur nunc. Aenean sollicitudin, diam vel mollis semper, est est tincidunt ligula, et accumsan mi risus quis erat. Nulla sagittis ex a consectetur mollis.</span>                                    \r\n           </p>', 0, 1, '2024-11-26', '2024-11-26 02:13:38'),
(30, 4, 13, 'Curso De Css 2', 'curso-de-css-2', 'curso-de-css-2.jpg', 'Praesent a imperdiet velit, consectetur ullamcorper tellus. Nam suscipit suscipit sem, a tincidunt ex placerat eu. Nunc tristique mauris bibendum metus convallis porta. Maecenas fermentum tortor eu dolor efficitur, vitae lobortis felis rutrum. Proin dictum purus nec congue blandit. Vivamus rutrum consequat eros at placerat.', 'cursos,css,html', '<p><img src=\"/views/assets/css/plugins/summernote/img/blank.gif\" class=\"img\" style=\"display:inline-block;width:25px;height:25px;background:url(\'/views/assets/css/plugins/summernote/img/emoji_spritesheet_0.png\') -250px -150px no-repeat;background-size:675px 175px;\" alt=\":heart:\"><span style=\"color: rgb(0, 0, 0); font-family: \" open=\"\" sans\",=\"\" arial,=\"\" sans-serif;=\"\" font-size:=\"\" 14px;=\"\" text-align:=\"\" justify;\"=\"\">Lorem ipsum dolor sit amet, consectetur adipiscing elit. Donec eget aliquam urna, eu pharetra nisi. Maecenas lacinia tristique tincidunt. Aliquam in auctor metus. Pellentesque neque ante, rutrum ut est at, lacinia aliquet neque. Donec vitae ex orci.</span><img src=\"/views/assets/css/plugins/summernote/img/blank.gif\" class=\"img\" style=\"display:inline-block;width:25px;height:25px;background:url(\'/views/assets/css/plugins/summernote/img/emoji_spritesheet_0.png\') -75px -75px no-repeat;background-size:675px 175px;\" alt=\":see_no_evil:\"></p><p><img src=\"/views/assets/img/products/curso-de-css-2/7209094211.jpg\" style=\"width: 100%;\" class=\"img-fluid\"><span style=\"color: rgb(0, 0, 0); font-family: \" open=\"\" sans\",=\"\" arial,=\"\" sans-serif;=\"\" font-size:=\"\" 14px;=\"\" text-align:=\"\" justify;\"=\"\"><br></span></p><p><span style=\"color: rgb(0, 0, 0); font-family: \" open=\"\" sans\",=\"\" arial,=\"\" sans-serif;=\"\" font-size:=\"\" 14px;=\"\" text-align:=\"\" justify;\"=\"\"> Duis vehicula vehicula lacus, vel congue eros ultrices vel. Nam posuere elit ut ligula venenatis volutpat. Nullam ac lectus vel felis pretium auctor a ac massa. </span></p><p><span style=\"color: rgb(0, 0, 0); font-family: \" open=\"\" sans\",=\"\" arial,=\"\" sans-serif;=\"\" font-size:=\"\" 14px;=\"\" text-align:=\"\" justify;\"=\"\"><b>Fusce in fringilla ante. Vestibulum auctor accumsan dui, non pharetra urna gravida id. Sed in felis et urna posuere egestas vel feugiat eros. </b></span></p><p><span style=\"color: rgb(0, 0, 0); font-family: \" open=\"\" sans\",=\"\" arial,=\"\" sans-serif;=\"\" font-size:=\"\" 14px;=\"\" text-align:=\"\" justify;\"=\"\">Nunc malesuada, nibh id venenatis eleifend, mi augue rutrum purus, dignissim luctus justo lorem non risus. Nulla iaculis metus non justo consequat, ac placerat arcu fringilla. Praesent nec consectetur nunc. Aenean sollicitudin, diam vel mollis semper, est est tincidunt ligula, et accumsan mi risus quis erat. Nulla sagittis ex a consectetur mollis.</span>                                    \r\n           </p>', 0, 1, '2024-11-26', '2024-11-26 02:16:54'),
(31, 4, 13, 'Curso De Bootstrap 2', 'curso-de-bootstrap-2', 'curso-de-bootstrap-2.jpg', 'Praesent a imperdiet velit, consectetur ullamcorper tellus. Nam suscipit suscipit sem, a tincidunt ex placerat eu. Nunc tristique mauris bibendum metus convallis porta. Maecenas fermentum tortor eu dolor efficitur, vitae lobortis felis rutrum. Proin dictum purus nec congue blandit. Vivamus rutrum consequat eros at placerat.', 'cursos,bootstrap,html,css', '<p><img src=\"/views/assets/css/plugins/summernote/img/blank.gif\" class=\"img\" style=\"display:inline-block;width:25px;height:25px;background:url(\'/views/assets/css/plugins/summernote/img/emoji_spritesheet_0.png\') -250px -150px no-repeat;background-size:675px 175px;\" alt=\":heart:\"><span style=\"color: rgb(0, 0, 0); font-family: \" open=\"\" sans\",=\"\" arial,=\"\" sans-serif;=\"\" font-size:=\"\" 14px;=\"\" text-align:=\"\" justify;\"=\"\">Lorem ipsum dolor sit amet, consectetur adipiscing elit. Donec eget aliquam urna, eu pharetra nisi. Maecenas lacinia tristique tincidunt. Aliquam in auctor metus. Pellentesque neque ante, rutrum ut est at, lacinia aliquet neque. Donec vitae ex orci.</span><img src=\"/views/assets/css/plugins/summernote/img/blank.gif\" class=\"img\" style=\"display:inline-block;width:25px;height:25px;background:url(\'/views/assets/css/plugins/summernote/img/emoji_spritesheet_0.png\') -75px -75px no-repeat;background-size:675px 175px;\" alt=\":see_no_evil:\"></p><p><img src=\"/views/assets/img/products/curso-de-bootstrap-2/4234365726.jpg\" style=\"width: 100%;\" class=\"img-fluid\"><span style=\"color: rgb(0, 0, 0); font-family: \" open=\"\" sans\",=\"\" arial,=\"\" sans-serif;=\"\" font-size:=\"\" 14px;=\"\" text-align:=\"\" justify;\"=\"\"><br></span></p><p><span style=\"color: rgb(0, 0, 0); font-family: \" open=\"\" sans\",=\"\" arial,=\"\" sans-serif;=\"\" font-size:=\"\" 14px;=\"\" text-align:=\"\" justify;\"=\"\"> Duis vehicula vehicula lacus, vel congue eros ultrices vel. Nam posuere elit ut ligula venenatis volutpat. Nullam ac lectus vel felis pretium auctor a ac massa. </span></p><p><span style=\"color: rgb(0, 0, 0); font-family: \" open=\"\" sans\",=\"\" arial,=\"\" sans-serif;=\"\" font-size:=\"\" 14px;=\"\" text-align:=\"\" justify;\"=\"\"><b>Fusce in fringilla ante. Vestibulum auctor accumsan dui, non pharetra urna gravida id. Sed in felis et urna posuere egestas vel feugiat eros. </b></span></p><p><span style=\"color: rgb(0, 0, 0); font-family: \" open=\"\" sans\",=\"\" arial,=\"\" sans-serif;=\"\" font-size:=\"\" 14px;=\"\" text-align:=\"\" justify;\"=\"\">Nunc malesuada, nibh id venenatis eleifend, mi augue rutrum purus, dignissim luctus justo lorem non risus. Nulla iaculis metus non justo consequat, ac placerat arcu fringilla. Praesent nec consectetur nunc. Aenean sollicitudin, diam vel mollis semper, est est tincidunt ligula, et accumsan mi risus quis erat. Nulla sagittis ex a consectetur mollis.</span>                                    \r\n           </p>', 0, 1, '2024-11-26', '2024-11-26 02:19:08'),
(32, 4, 13, 'Curso De Javascript 2', 'curso-de-javascript-2', 'curso-de-javascript-2.jpg', 'Praesent a imperdiet velit, consectetur ullamcorper tellus. Nam suscipit suscipit sem, a tincidunt ex placerat eu. Nunc tristique mauris bibendum metus convallis porta. Maecenas fermentum tortor eu dolor efficitur, vitae lobortis felis rutrum. Proin dictum purus nec congue blandit. Vivamus rutrum consequat eros at placerat.', 'curso,javascript,desarrollo web', '<p><img src=\"/views/assets/css/plugins/summernote/img/blank.gif\" class=\"img\" style=\"display:inline-block;width:25px;height:25px;background:url(\'/views/assets/css/plugins/summernote/img/emoji_spritesheet_0.png\') -250px -150px no-repeat;background-size:675px 175px;\" alt=\":heart:\"><span style=\"color: rgb(0, 0, 0); font-family: \" open=\"\" sans\",=\"\" arial,=\"\" sans-serif;=\"\" font-size:=\"\" 14px;=\"\" text-align:=\"\" justify;\"=\"\">Lorem ipsum dolor sit amet, consectetur adipiscing elit. Donec eget aliquam urna, eu pharetra nisi. Maecenas lacinia tristique tincidunt. Aliquam in auctor metus. Pellentesque neque ante, rutrum ut est at, lacinia aliquet neque. Donec vitae ex orci.</span><img src=\"/views/assets/css/plugins/summernote/img/blank.gif\" class=\"img\" style=\"display:inline-block;width:25px;height:25px;background:url(\'/views/assets/css/plugins/summernote/img/emoji_spritesheet_0.png\') -75px -75px no-repeat;background-size:675px 175px;\" alt=\":see_no_evil:\"></p><p><img src=\"/views/assets/img/products/curso-de-javascript-2/121192278.jpg\" style=\"width: 100%;\" class=\"img-fluid\"><span style=\"color: rgb(0, 0, 0); font-family: \" open=\"\" sans\",=\"\" arial,=\"\" sans-serif;=\"\" font-size:=\"\" 14px;=\"\" text-align:=\"\" justify;\"=\"\"><br></span></p><p><span style=\"color: rgb(0, 0, 0); font-family: \" open=\"\" sans\",=\"\" arial,=\"\" sans-serif;=\"\" font-size:=\"\" 14px;=\"\" text-align:=\"\" justify;\"=\"\"> Duis vehicula vehicula lacus, vel congue eros ultrices vel. Nam posuere elit ut ligula venenatis volutpat. Nullam ac lectus vel felis pretium auctor a ac massa. </span></p><p><span style=\"color: rgb(0, 0, 0); font-family: \" open=\"\" sans\",=\"\" arial,=\"\" sans-serif;=\"\" font-size:=\"\" 14px;=\"\" text-align:=\"\" justify;\"=\"\"><b>Fusce in fringilla ante. Vestibulum auctor accumsan dui, non pharetra urna gravida id. Sed in felis et urna posuere egestas vel feugiat eros. </b></span></p><p><span style=\"color: rgb(0, 0, 0); font-family: \" open=\"\" sans\",=\"\" arial,=\"\" sans-serif;=\"\" font-size:=\"\" 14px;=\"\" text-align:=\"\" justify;\"=\"\">Nunc malesuada, nibh id venenatis eleifend, mi augue rutrum purus, dignissim luctus justo lorem non risus. Nulla iaculis metus non justo consequat, ac placerat arcu fringilla. Praesent nec consectetur nunc. Aenean sollicitudin, diam vel mollis semper, est est tincidunt ligula, et accumsan mi risus quis erat. Nulla sagittis ex a consectetur mollis.</span>                                    \r\n           </p>', 0, 1, '2024-11-26', '2024-11-26 02:20:44');
INSERT INTO `products` (`id_product`, `id_category_product`, `id_subcategory_product`, `name_product`, `url_product`, `image_product`, `description_product`, `keywords_product`, `info_product`, `views_product`, `status_product`, `date_created_product`, `date_updated_product`) VALUES
(33, 4, 13, 'Curso De Jquery 2', 'curso-de-jquery-2', 'curso-de-jquery-2.jpg', 'Praesent a imperdiet velit, consectetur ullamcorper tellus. Nam suscipit suscipit sem, a tincidunt ex placerat eu. Nunc tristique mauris bibendum metus convallis porta. Maecenas fermentum tortor eu dolor efficitur, vitae lobortis felis rutrum. Proin dictum purus nec congue blandit. Vivamus rutrum consequat eros at placerat.', 'curso,web,jquery', '<p><img src=\"/views/assets/css/plugins/summernote/img/blank.gif\" class=\"img\" style=\"display:inline-block;width:25px;height:25px;background:url(\'/views/assets/css/plugins/summernote/img/emoji_spritesheet_0.png\') -250px -150px no-repeat;background-size:675px 175px;\" alt=\":heart:\"><span style=\"color: rgb(0, 0, 0); font-family: \" open=\"\" sans\",=\"\" arial,=\"\" sans-serif;=\"\" font-size:=\"\" 14px;=\"\" text-align:=\"\" justify;\"=\"\">Lorem ipsum dolor sit amet, consectetur adipiscing elit. Donec eget aliquam urna, eu pharetra nisi. Maecenas lacinia tristique tincidunt. Aliquam in auctor metus. Pellentesque neque ante, rutrum ut est at, lacinia aliquet neque. Donec vitae ex orci.</span><img src=\"/views/assets/css/plugins/summernote/img/blank.gif\" class=\"img\" style=\"display:inline-block;width:25px;height:25px;background:url(\'/views/assets/css/plugins/summernote/img/emoji_spritesheet_0.png\') -75px -75px no-repeat;background-size:675px 175px;\" alt=\":see_no_evil:\"></p><p><img src=\"/views/assets/img/products/curso-de-jquery-2/6521378550.jpg\" style=\"width: 100%;\" class=\"img-fluid\"><span style=\"color: rgb(0, 0, 0); font-family: \" open=\"\" sans\",=\"\" arial,=\"\" sans-serif;=\"\" font-size:=\"\" 14px;=\"\" text-align:=\"\" justify;\"=\"\"><br></span></p><p><span style=\"color: rgb(0, 0, 0); font-family: \" open=\"\" sans\",=\"\" arial,=\"\" sans-serif;=\"\" font-size:=\"\" 14px;=\"\" text-align:=\"\" justify;\"=\"\"> Duis vehicula vehicula lacus, vel congue eros ultrices vel. Nam posuere elit ut ligula venenatis volutpat. Nullam ac lectus vel felis pretium auctor a ac massa. </span></p><p><span style=\"color: rgb(0, 0, 0); font-family: \" open=\"\" sans\",=\"\" arial,=\"\" sans-serif;=\"\" font-size:=\"\" 14px;=\"\" text-align:=\"\" justify;\"=\"\"><b>Fusce in fringilla ante. Vestibulum auctor accumsan dui, non pharetra urna gravida id. Sed in felis et urna posuere egestas vel feugiat eros. </b></span></p><p><span style=\"color: rgb(0, 0, 0); font-family: \" open=\"\" sans\",=\"\" arial,=\"\" sans-serif;=\"\" font-size:=\"\" 14px;=\"\" text-align:=\"\" justify;\"=\"\">Nunc malesuada, nibh id venenatis eleifend, mi augue rutrum purus, dignissim luctus justo lorem non risus. Nulla iaculis metus non justo consequat, ac placerat arcu fringilla. Praesent nec consectetur nunc. Aenean sollicitudin, diam vel mollis semper, est est tincidunt ligula, et accumsan mi risus quis erat. Nulla sagittis ex a consectetur mollis.</span>                                    \r\n           </p>', 0, 1, '2024-11-26', '2024-11-26 02:22:16'),
(34, 4, 13, 'Curso De Canvas 2', 'curso-de-canvas-2', 'curso-de-canvas-2.jpg', 'Praesent a imperdiet velit, consectetur ullamcorper tellus. Nam suscipit suscipit sem, a tincidunt ex placerat eu. Nunc tristique mauris bibendum metus convallis porta. Maecenas fermentum tortor eu dolor efficitur, vitae lobortis felis rutrum. Proin dictum purus nec congue blandit. Vivamus rutrum consequat eros at placerat.', 'canvas,cursos,desarrollo web', '<p><img src=\"/views/assets/css/plugins/summernote/img/blank.gif\" class=\"img\" style=\"display:inline-block;width:25px;height:25px;background:url(\'/views/assets/css/plugins/summernote/img/emoji_spritesheet_0.png\') -250px -150px no-repeat;background-size:675px 175px;\" alt=\":heart:\"><span style=\"color: rgb(0, 0, 0); font-family: \" open=\"\" sans\",=\"\" arial,=\"\" sans-serif;=\"\" font-size:=\"\" 14px;=\"\" text-align:=\"\" justify;\"=\"\">Lorem ipsum dolor sit amet, consectetur adipiscing elit. Donec eget aliquam urna, eu pharetra nisi. Maecenas lacinia tristique tincidunt. Aliquam in auctor metus. Pellentesque neque ante, rutrum ut est at, lacinia aliquet neque. Donec vitae ex orci.</span><img src=\"/views/assets/css/plugins/summernote/img/blank.gif\" class=\"img\" style=\"display:inline-block;width:25px;height:25px;background:url(\'/views/assets/css/plugins/summernote/img/emoji_spritesheet_0.png\') -75px -75px no-repeat;background-size:675px 175px;\" alt=\":see_no_evil:\"></p><p><img src=\"/views/assets/img/products/curso-de-canvas-2/3773354026.jpg\" style=\"width: 100%;\" class=\"img-fluid\"><span style=\"color: rgb(0, 0, 0); font-family: \" open=\"\" sans\",=\"\" arial,=\"\" sans-serif;=\"\" font-size:=\"\" 14px;=\"\" text-align:=\"\" justify;\"=\"\"><br></span></p><p><span style=\"color: rgb(0, 0, 0); font-family: \" open=\"\" sans\",=\"\" arial,=\"\" sans-serif;=\"\" font-size:=\"\" 14px;=\"\" text-align:=\"\" justify;\"=\"\"> Duis vehicula vehicula lacus, vel congue eros ultrices vel. Nam posuere elit ut ligula venenatis volutpat. Nullam ac lectus vel felis pretium auctor a ac massa. </span></p><p><span style=\"color: rgb(0, 0, 0); font-family: \" open=\"\" sans\",=\"\" arial,=\"\" sans-serif;=\"\" font-size:=\"\" 14px;=\"\" text-align:=\"\" justify;\"=\"\"><b>Fusce in fringilla ante. Vestibulum auctor accumsan dui, non pharetra urna gravida id. Sed in felis et urna posuere egestas vel feugiat eros. </b></span></p><p><span style=\"color: rgb(0, 0, 0); font-family: \" open=\"\" sans\",=\"\" arial,=\"\" sans-serif;=\"\" font-size:=\"\" 14px;=\"\" text-align:=\"\" justify;\"=\"\">Nunc malesuada, nibh id venenatis eleifend, mi augue rutrum purus, dignissim luctus justo lorem non risus. Nulla iaculis metus non justo consequat, ac placerat arcu fringilla. Praesent nec consectetur nunc. Aenean sollicitudin, diam vel mollis semper, est est tincidunt ligula, et accumsan mi risus quis erat. Nulla sagittis ex a consectetur mollis.</span>                                    \r\n           </p>', 0, 1, '2024-11-26', '2024-11-26 02:23:33'),
(35, 4, 13, 'Curso De Php 2', 'curso-de-php-2', 'curso-de-php-2.jpg', 'Praesent a imperdiet velit, consectetur ullamcorper tellus. Nam suscipit suscipit sem, a tincidunt ex placerat eu. Nunc tristique mauris bibendum metus convallis porta. Maecenas fermentum tortor eu dolor efficitur, vitae lobortis felis rutrum. Proin dictum purus nec congue blandit. Vivamus rutrum consequat eros at placerat.', 'cursos,php,backend', '<p><img src=\"/views/assets/css/plugins/summernote/img/blank.gif\" class=\"img\" style=\"display:inline-block;width:25px;height:25px;background:url(\'/views/assets/css/plugins/summernote/img/emoji_spritesheet_0.png\') -250px -150px no-repeat;background-size:675px 175px;\" alt=\":heart:\"><span style=\"color: rgb(0, 0, 0); font-family: \" open=\"\" sans\",=\"\" arial,=\"\" sans-serif;=\"\" font-size:=\"\" 14px;=\"\" text-align:=\"\" justify;\"=\"\">Lorem ipsum dolor sit amet, consectetur adipiscing elit. Donec eget aliquam urna, eu pharetra nisi. Maecenas lacinia tristique tincidunt. Aliquam in auctor metus. Pellentesque neque ante, rutrum ut est at, lacinia aliquet neque. Donec vitae ex orci.</span><img src=\"/views/assets/css/plugins/summernote/img/blank.gif\" class=\"img\" style=\"display:inline-block;width:25px;height:25px;background:url(\'/views/assets/css/plugins/summernote/img/emoji_spritesheet_0.png\') -75px -75px no-repeat;background-size:675px 175px;\" alt=\":see_no_evil:\"></p><p><img src=\"/views/assets/img/products/curso-de-php-2/8407227531.jpg\" style=\"width: 100%;\" class=\"img-fluid\"><span style=\"color: rgb(0, 0, 0); font-family: \" open=\"\" sans\",=\"\" arial,=\"\" sans-serif;=\"\" font-size:=\"\" 14px;=\"\" text-align:=\"\" justify;\"=\"\"><br></span></p><p><span style=\"color: rgb(0, 0, 0); font-family: \" open=\"\" sans\",=\"\" arial,=\"\" sans-serif;=\"\" font-size:=\"\" 14px;=\"\" text-align:=\"\" justify;\"=\"\"> Duis vehicula vehicula lacus, vel congue eros ultrices vel. Nam posuere elit ut ligula venenatis volutpat. Nullam ac lectus vel felis pretium auctor a ac massa. </span></p><p><span style=\"color: rgb(0, 0, 0); font-family: \" open=\"\" sans\",=\"\" arial,=\"\" sans-serif;=\"\" font-size:=\"\" 14px;=\"\" text-align:=\"\" justify;\"=\"\"><b>Fusce in fringilla ante. Vestibulum auctor accumsan dui, non pharetra urna gravida id. Sed in felis et urna posuere egestas vel feugiat eros. </b></span></p><p><span style=\"color: rgb(0, 0, 0); font-family: \" open=\"\" sans\",=\"\" arial,=\"\" sans-serif;=\"\" font-size:=\"\" 14px;=\"\" text-align:=\"\" justify;\"=\"\">Nunc malesuada, nibh id venenatis eleifend, mi augue rutrum purus, dignissim luctus justo lorem non risus. Nulla iaculis metus non justo consequat, ac placerat arcu fringilla. Praesent nec consectetur nunc. Aenean sollicitudin, diam vel mollis semper, est est tincidunt ligula, et accumsan mi risus quis erat. Nulla sagittis ex a consectetur mollis.</span>                                    \r\n           </p>', 0, 1, '2024-11-26', '2024-11-26 02:24:40'),
(36, 4, 13, 'Curso De Css 3', 'curso-de-css-3', 'curso-de-css-3.jpg', 'Praesent a imperdiet velit, consectetur ullamcorper tellus. Nam suscipit suscipit sem, a tincidunt ex placerat eu. Nunc tristique mauris bibendum metus convallis porta. Maecenas fermentum tortor eu dolor efficitur, vitae lobortis felis rutrum. Proin dictum purus nec congue blandit. Vivamus rutrum consequat eros at placerat.', 'cursos,css,html', '<p><img src=\"/views/assets/css/plugins/summernote/img/blank.gif\" class=\"img\" style=\"display:inline-block;width:25px;height:25px;background:url(\'/views/assets/css/plugins/summernote/img/emoji_spritesheet_0.png\') -250px -150px no-repeat;background-size:675px 175px;\" alt=\":heart:\"><span style=\"color: rgb(0, 0, 0); font-family: \" open=\"\" sans\",=\"\" arial,=\"\" sans-serif;=\"\" font-size:=\"\" 14px;=\"\" text-align:=\"\" justify;\"=\"\">Lorem ipsum dolor sit amet, consectetur adipiscing elit. Donec eget aliquam urna, eu pharetra nisi. Maecenas lacinia tristique tincidunt. Aliquam in auctor metus. Pellentesque neque ante, rutrum ut est at, lacinia aliquet neque. Donec vitae ex orci.</span><img src=\"/views/assets/css/plugins/summernote/img/blank.gif\" class=\"img\" style=\"display:inline-block;width:25px;height:25px;background:url(\'/views/assets/css/plugins/summernote/img/emoji_spritesheet_0.png\') -75px -75px no-repeat;background-size:675px 175px;\" alt=\":see_no_evil:\"></p><p><img src=\"/views/assets/img/products/curso-de-css-3/8610698951.jpg\" style=\"width: 100%;\" class=\"img-fluid\"><span style=\"color: rgb(0, 0, 0); font-family: \" open=\"\" sans\",=\"\" arial,=\"\" sans-serif;=\"\" font-size:=\"\" 14px;=\"\" text-align:=\"\" justify;\"=\"\"><br></span></p><p><span style=\"color: rgb(0, 0, 0); font-family: \" open=\"\" sans\",=\"\" arial,=\"\" sans-serif;=\"\" font-size:=\"\" 14px;=\"\" text-align:=\"\" justify;\"=\"\"> Duis vehicula vehicula lacus, vel congue eros ultrices vel. Nam posuere elit ut ligula venenatis volutpat. Nullam ac lectus vel felis pretium auctor a ac massa. </span></p><p><span style=\"color: rgb(0, 0, 0); font-family: \" open=\"\" sans\",=\"\" arial,=\"\" sans-serif;=\"\" font-size:=\"\" 14px;=\"\" text-align:=\"\" justify;\"=\"\"><b>Fusce in fringilla ante. Vestibulum auctor accumsan dui, non pharetra urna gravida id. Sed in felis et urna posuere egestas vel feugiat eros. </b></span></p><p><span style=\"color: rgb(0, 0, 0); font-family: \" open=\"\" sans\",=\"\" arial,=\"\" sans-serif;=\"\" font-size:=\"\" 14px;=\"\" text-align:=\"\" justify;\"=\"\">Nunc malesuada, nibh id venenatis eleifend, mi augue rutrum purus, dignissim luctus justo lorem non risus. Nulla iaculis metus non justo consequat, ac placerat arcu fringilla. Praesent nec consectetur nunc. Aenean sollicitudin, diam vel mollis semper, est est tincidunt ligula, et accumsan mi risus quis erat. Nulla sagittis ex a consectetur mollis.</span>                                    \r\n           </p>', 0, 1, '2024-11-26', '2024-11-26 02:25:58'),
(37, 4, 13, 'Curso De Javascript 3', 'curso-de-javascript-3', 'curso-de-javascript-3.jpg', 'Praesent a imperdiet velit, consectetur ullamcorper tellus. Nam suscipit suscipit sem, a tincidunt ex placerat eu. Nunc tristique mauris bibendum metus convallis porta. Maecenas fermentum tortor eu dolor efficitur, vitae lobortis felis rutrum. Proin dictum purus nec congue blandit. Vivamus rutrum consequat eros at placerat.', 'curso,javascript,desarrollo web', '<p><img src=\"/views/assets/css/plugins/summernote/img/blank.gif\" class=\"img\" style=\"display:inline-block;width:25px;height:25px;background:url(\'/views/assets/css/plugins/summernote/img/emoji_spritesheet_0.png\') -250px -150px no-repeat;background-size:675px 175px;\" alt=\":heart:\"><span style=\"color: rgb(0, 0, 0); font-family: \" open=\"\" sans\",=\"\" arial,=\"\" sans-serif;=\"\" font-size:=\"\" 14px;=\"\" text-align:=\"\" justify;\"=\"\">Lorem ipsum dolor sit amet, consectetur adipiscing elit. Donec eget aliquam urna, eu pharetra nisi. Maecenas lacinia tristique tincidunt. Aliquam in auctor metus. Pellentesque neque ante, rutrum ut est at, lacinia aliquet neque. Donec vitae ex orci.</span><img src=\"/views/assets/css/plugins/summernote/img/blank.gif\" class=\"img\" style=\"display:inline-block;width:25px;height:25px;background:url(\'/views/assets/css/plugins/summernote/img/emoji_spritesheet_0.png\') -75px -75px no-repeat;background-size:675px 175px;\" alt=\":see_no_evil:\"></p><p><img src=\"/views/assets/img/products/curso-de-javascript-3/468521183.jpg\" style=\"width: 100%;\" class=\"img-fluid\"><span style=\"color: rgb(0, 0, 0); font-family: \" open=\"\" sans\",=\"\" arial,=\"\" sans-serif;=\"\" font-size:=\"\" 14px;=\"\" text-align:=\"\" justify;\"=\"\"><br></span></p><p><span style=\"color: rgb(0, 0, 0); font-family: \" open=\"\" sans\",=\"\" arial,=\"\" sans-serif;=\"\" font-size:=\"\" 14px;=\"\" text-align:=\"\" justify;\"=\"\"> Duis vehicula vehicula lacus, vel congue eros ultrices vel. Nam posuere elit ut ligula venenatis volutpat. Nullam ac lectus vel felis pretium auctor a ac massa. </span></p><p><span style=\"color: rgb(0, 0, 0); font-family: \" open=\"\" sans\",=\"\" arial,=\"\" sans-serif;=\"\" font-size:=\"\" 14px;=\"\" text-align:=\"\" justify;\"=\"\"><b>Fusce in fringilla ante. Vestibulum auctor accumsan dui, non pharetra urna gravida id. Sed in felis et urna posuere egestas vel feugiat eros. </b></span></p><p><span style=\"color: rgb(0, 0, 0); font-family: \" open=\"\" sans\",=\"\" arial,=\"\" sans-serif;=\"\" font-size:=\"\" 14px;=\"\" text-align:=\"\" justify;\"=\"\">Nunc malesuada, nibh id venenatis eleifend, mi augue rutrum purus, dignissim luctus justo lorem non risus. Nulla iaculis metus non justo consequat, ac placerat arcu fringilla. Praesent nec consectetur nunc. Aenean sollicitudin, diam vel mollis semper, est est tincidunt ligula, et accumsan mi risus quis erat. Nulla sagittis ex a consectetur mollis.</span>                                    \r\n           </p>', 0, 1, '2024-11-26', '2024-11-26 02:27:10'),
(38, 4, 13, 'Curso De Jquery 3', 'curso-de-jquery-3', 'curso-de-jquery-3.jpg', 'Praesent a imperdiet velit, consectetur ullamcorper tellus. Nam suscipit suscipit sem, a tincidunt ex placerat eu. Nunc tristique mauris bibendum metus convallis porta. Maecenas fermentum tortor eu dolor efficitur, vitae lobortis felis rutrum. Proin dictum purus nec congue blandit. Vivamus rutrum consequat eros at placerat.', 'curso,web,jquery', '<p><img src=\"/views/assets/css/plugins/summernote/img/blank.gif\" class=\"img\" style=\"display:inline-block;width:25px;height:25px;background:url(\'/views/assets/css/plugins/summernote/img/emoji_spritesheet_0.png\') -250px -150px no-repeat;background-size:675px 175px;\" alt=\":heart:\"><span style=\"color: rgb(0, 0, 0); font-family: \" open=\"\" sans\",=\"\" arial,=\"\" sans-serif;=\"\" font-size:=\"\" 14px;=\"\" text-align:=\"\" justify;\"=\"\">Lorem ipsum dolor sit amet, consectetur adipiscing elit. Donec eget aliquam urna, eu pharetra nisi. Maecenas lacinia tristique tincidunt. Aliquam in auctor metus. Pellentesque neque ante, rutrum ut est at, lacinia aliquet neque. Donec vitae ex orci.</span><img src=\"/views/assets/css/plugins/summernote/img/blank.gif\" class=\"img\" style=\"display:inline-block;width:25px;height:25px;background:url(\'/views/assets/css/plugins/summernote/img/emoji_spritesheet_0.png\') -75px -75px no-repeat;background-size:675px 175px;\" alt=\":see_no_evil:\"></p><p><img src=\"/views/assets/img/products/curso-de-jquery-3/9091765715.jpg\" style=\"width: 100%;\" class=\"img-fluid\"><span style=\"color: rgb(0, 0, 0); font-family: \" open=\"\" sans\",=\"\" arial,=\"\" sans-serif;=\"\" font-size:=\"\" 14px;=\"\" text-align:=\"\" justify;\"=\"\"><br></span></p><p><span style=\"color: rgb(0, 0, 0); font-family: \" open=\"\" sans\",=\"\" arial,=\"\" sans-serif;=\"\" font-size:=\"\" 14px;=\"\" text-align:=\"\" justify;\"=\"\"> Duis vehicula vehicula lacus, vel congue eros ultrices vel. Nam posuere elit ut ligula venenatis volutpat. Nullam ac lectus vel felis pretium auctor a ac massa. </span></p><p><span style=\"color: rgb(0, 0, 0); font-family: \" open=\"\" sans\",=\"\" arial,=\"\" sans-serif;=\"\" font-size:=\"\" 14px;=\"\" text-align:=\"\" justify;\"=\"\"><b>Fusce in fringilla ante. Vestibulum auctor accumsan dui, non pharetra urna gravida id. Sed in felis et urna posuere egestas vel feugiat eros. </b></span></p><p><span style=\"color: rgb(0, 0, 0); font-family: \" open=\"\" sans\",=\"\" arial,=\"\" sans-serif;=\"\" font-size:=\"\" 14px;=\"\" text-align:=\"\" justify;\"=\"\">Nunc malesuada, nibh id venenatis eleifend, mi augue rutrum purus, dignissim luctus justo lorem non risus. Nulla iaculis metus non justo consequat, ac placerat arcu fringilla. Praesent nec consectetur nunc. Aenean sollicitudin, diam vel mollis semper, est est tincidunt ligula, et accumsan mi risus quis erat. Nulla sagittis ex a consectetur mollis.</span>                                    \r\n           </p>', 0, 1, '2024-11-26', '2024-11-26 02:28:27'),
(39, 4, 13, 'Curso De Canvas 3', 'curso-de-canvas-3', 'curso-de-canvas-3.jpg', 'Praesent a imperdiet velit, consectetur ullamcorper tellus. Nam suscipit suscipit sem, a tincidunt ex placerat eu. Nunc tristique mauris bibendum metus convallis porta. Maecenas fermentum tortor eu dolor efficitur, vitae lobortis felis rutrum. Proin dictum purus nec congue blandit. Vivamus rutrum consequat eros at placerat.', 'canvas,cursos,desarrollo web', '<p><img src=\"/views/assets/css/plugins/summernote/img/blank.gif\" class=\"img\" style=\"display:inline-block;width:25px;height:25px;background:url(\'/views/assets/css/plugins/summernote/img/emoji_spritesheet_0.png\') -250px -150px no-repeat;background-size:675px 175px;\" alt=\":heart:\"><span style=\"color: rgb(0, 0, 0); font-family: \" open=\"\" sans\",=\"\" arial,=\"\" sans-serif;=\"\" font-size:=\"\" 14px;=\"\" text-align:=\"\" justify;\"=\"\">Lorem ipsum dolor sit amet, consectetur adipiscing elit. Donec eget aliquam urna, eu pharetra nisi. Maecenas lacinia tristique tincidunt. Aliquam in auctor metus. Pellentesque neque ante, rutrum ut est at, lacinia aliquet neque. Donec vitae ex orci.</span><img src=\"/views/assets/css/plugins/summernote/img/blank.gif\" class=\"img\" style=\"display:inline-block;width:25px;height:25px;background:url(\'/views/assets/css/plugins/summernote/img/emoji_spritesheet_0.png\') -75px -75px no-repeat;background-size:675px 175px;\" alt=\":see_no_evil:\"></p><p><img src=\"/views/assets/img/products/curso-de-canvas-3/5972058950.jpg\" style=\"width: 100%;\" class=\"img-fluid\"><span style=\"color: rgb(0, 0, 0); font-family: \" open=\"\" sans\",=\"\" arial,=\"\" sans-serif;=\"\" font-size:=\"\" 14px;=\"\" text-align:=\"\" justify;\"=\"\"><br></span></p><p><span style=\"color: rgb(0, 0, 0); font-family: \" open=\"\" sans\",=\"\" arial,=\"\" sans-serif;=\"\" font-size:=\"\" 14px;=\"\" text-align:=\"\" justify;\"=\"\"> Duis vehicula vehicula lacus, vel congue eros ultrices vel. Nam posuere elit ut ligula venenatis volutpat. Nullam ac lectus vel felis pretium auctor a ac massa. </span></p><p><span style=\"color: rgb(0, 0, 0); font-family: \" open=\"\" sans\",=\"\" arial,=\"\" sans-serif;=\"\" font-size:=\"\" 14px;=\"\" text-align:=\"\" justify;\"=\"\"><b>Fusce in fringilla ante. Vestibulum auctor accumsan dui, non pharetra urna gravida id. Sed in felis et urna posuere egestas vel feugiat eros. </b></span></p><p><span style=\"color: rgb(0, 0, 0); font-family: \" open=\"\" sans\",=\"\" arial,=\"\" sans-serif;=\"\" font-size:=\"\" 14px;=\"\" text-align:=\"\" justify;\"=\"\">Nunc malesuada, nibh id venenatis eleifend, mi augue rutrum purus, dignissim luctus justo lorem non risus. Nulla iaculis metus non justo consequat, ac placerat arcu fringilla. Praesent nec consectetur nunc. Aenean sollicitudin, diam vel mollis semper, est est tincidunt ligula, et accumsan mi risus quis erat. Nulla sagittis ex a consectetur mollis.</span>                                    \r\n           </p>', 0, 1, '2024-11-26', '2024-11-26 02:29:56'),
(40, 4, 13, 'Curso De Php 3', 'curso-de-php-3', 'curso-de-php-3.jpg', 'Praesent a imperdiet velit, consectetur ullamcorper tellus. Nam suscipit suscipit sem, a tincidunt ex placerat eu. Nunc tristique mauris bibendum metus convallis porta. Maecenas fermentum tortor eu dolor efficitur, vitae lobortis felis rutrum. Proin dictum purus nec congue blandit. Vivamus rutrum consequat eros at placerat.', 'cursos,php,backend', '<p><img src=\"/views/assets/css/plugins/summernote/img/blank.gif\" class=\"img\" style=\"display:inline-block;width:25px;height:25px;background:url(\'/views/assets/css/plugins/summernote/img/emoji_spritesheet_0.png\') -250px -150px no-repeat;background-size:675px 175px;\" alt=\":heart:\"><span style=\"color: rgb(0, 0, 0); font-family: \" open=\"\" sans\",=\"\" arial,=\"\" sans-serif;=\"\" font-size:=\"\" 14px;=\"\" text-align:=\"\" justify;\"=\"\">Lorem ipsum dolor sit amet, consectetur adipiscing elit. Donec eget aliquam urna, eu pharetra nisi. Maecenas lacinia tristique tincidunt. Aliquam in auctor metus. Pellentesque neque ante, rutrum ut est at, lacinia aliquet neque. Donec vitae ex orci.</span><img src=\"/views/assets/css/plugins/summernote/img/blank.gif\" class=\"img\" style=\"display:inline-block;width:25px;height:25px;background:url(\'/views/assets/css/plugins/summernote/img/emoji_spritesheet_0.png\') -75px -75px no-repeat;background-size:675px 175px;\" alt=\":see_no_evil:\"></p><p><img src=\"/views/assets/img/products/curso-de-php-3/2783617353.jpg\" style=\"width: 100%;\" class=\"img-fluid\"><span style=\"color: rgb(0, 0, 0); font-family: \" open=\"\" sans\",=\"\" arial,=\"\" sans-serif;=\"\" font-size:=\"\" 14px;=\"\" text-align:=\"\" justify;\"=\"\"><br></span></p><p><span style=\"color: rgb(0, 0, 0); font-family: \" open=\"\" sans\",=\"\" arial,=\"\" sans-serif;=\"\" font-size:=\"\" 14px;=\"\" text-align:=\"\" justify;\"=\"\"> Duis vehicula vehicula lacus, vel congue eros ultrices vel. Nam posuere elit ut ligula venenatis volutpat. Nullam ac lectus vel felis pretium auctor a ac massa. </span></p><p><span style=\"color: rgb(0, 0, 0); font-family: \" open=\"\" sans\",=\"\" arial,=\"\" sans-serif;=\"\" font-size:=\"\" 14px;=\"\" text-align:=\"\" justify;\"=\"\"><b>Fusce in fringilla ante. Vestibulum auctor accumsan dui, non pharetra urna gravida id. Sed in felis et urna posuere egestas vel feugiat eros. </b></span></p><p><span style=\"color: rgb(0, 0, 0); font-family: \" open=\"\" sans\",=\"\" arial,=\"\" sans-serif;=\"\" font-size:=\"\" 14px;=\"\" text-align:=\"\" justify;\"=\"\">Nunc malesuada, nibh id venenatis eleifend, mi augue rutrum purus, dignissim luctus justo lorem non risus. Nulla iaculis metus non justo consequat, ac placerat arcu fringilla. Praesent nec consectetur nunc. Aenean sollicitudin, diam vel mollis semper, est est tincidunt ligula, et accumsan mi risus quis erat. Nulla sagittis ex a consectetur mollis.</span>                                    \r\n           </p>', 0, 1, '2024-11-26', '2024-11-26 02:30:59'),
(41, 5, 17, 'Accesorio 1', 'accesorio-1', 'accesorio-1.jpg', 'Praesent a imperdiet velit, consectetur ullamcorper tellus. Nam suscipit suscipit sem, a tincidunt ex placerat eu. Nunc tristique mauris bibendum metus convallis porta. Maecenas fermentum tortor eu dolor efficitur, vitae lobortis felis rutrum. Proin dictum purus nec congue blandit. Vivamus rutrum consequat eros at placerat.', 'accesorio,joyas,lorem', '<p><img src=\"/views/assets/css/plugins/summernote/img/blank.gif\" class=\"img\" style=\"display:inline-block;width:25px;height:25px;background:url(\'/views/assets/css/plugins/summernote/img/emoji_spritesheet_0.png\') -250px -150px no-repeat;background-size:675px 175px;\" alt=\":heart:\"><span style=\"color: rgb(0, 0, 0); font-family: \" open=\"\" sans\",=\"\" arial,=\"\" sans-serif;=\"\" font-size:=\"\" 14px;=\"\" text-align:=\"\" justify;\"=\"\">Lorem ipsum dolor sit amet, consectetur adipiscing elit. Donec eget aliquam urna, eu pharetra nisi. Maecenas lacinia tristique tincidunt. Aliquam in auctor metus. Pellentesque neque ante, rutrum ut est at, lacinia aliquet neque. Donec vitae ex orci.</span><img src=\"/views/assets/css/plugins/summernote/img/blank.gif\" class=\"img\" style=\"display:inline-block;width:25px;height:25px;background:url(\'/views/assets/css/plugins/summernote/img/emoji_spritesheet_0.png\') -75px -75px no-repeat;background-size:675px 175px;\" alt=\":see_no_evil:\"></p><p><img src=\"/views/assets/img/products/accesorio-1/5087378629.jpg\" style=\"width: 100%;\" class=\"img-fluid\"><span style=\"color: rgb(0, 0, 0); font-family: \" open=\"\" sans\",=\"\" arial,=\"\" sans-serif;=\"\" font-size:=\"\" 14px;=\"\" text-align:=\"\" justify;\"=\"\"><br></span></p><p><span style=\"color: rgb(0, 0, 0); font-family: \" open=\"\" sans\",=\"\" arial,=\"\" sans-serif;=\"\" font-size:=\"\" 14px;=\"\" text-align:=\"\" justify;\"=\"\"> Duis vehicula vehicula lacus, vel congue eros ultrices vel. Nam posuere elit ut ligula venenatis volutpat. Nullam ac lectus vel felis pretium auctor a ac massa. </span></p><p><span style=\"color: rgb(0, 0, 0); font-family: \" open=\"\" sans\",=\"\" arial,=\"\" sans-serif;=\"\" font-size:=\"\" 14px;=\"\" text-align:=\"\" justify;\"=\"\"><b>Fusce in fringilla ante. Vestibulum auctor accumsan dui, non pharetra urna gravida id. Sed in felis et urna posuere egestas vel feugiat eros. </b></span></p><p><span style=\"color: rgb(0, 0, 0); font-family: \" open=\"\" sans\",=\"\" arial,=\"\" sans-serif;=\"\" font-size:=\"\" 14px;=\"\" text-align:=\"\" justify;\"=\"\">Nunc malesuada, nibh id venenatis eleifend, mi augue rutrum purus, dignissim luctus justo lorem non risus. Nulla iaculis metus non justo consequat, ac placerat arcu fringilla. Praesent nec consectetur nunc. Aenean sollicitudin, diam vel mollis semper, est est tincidunt ligula, et accumsan mi risus quis erat. Nulla sagittis ex a consectetur mollis.</span>                                    \r\n           </p>', 0, 1, '2024-11-26', '2024-11-26 02:32:52'),
(42, 5, 17, 'Accesorio 2', 'accesorio-2', 'accesorio-2.jpg', 'Praesent a imperdiet velit, consectetur ullamcorper tellus. Nam suscipit suscipit sem, a tincidunt ex placerat eu. Nunc tristique mauris bibendum metus convallis porta. Maecenas fermentum tortor eu dolor efficitur, vitae lobortis felis rutrum. Proin dictum purus nec congue blandit. Vivamus rutrum consequat eros at placerat.', 'accesorio,maleta', '<p><img src=\"/views/assets/css/plugins/summernote/img/blank.gif\" class=\"img\" style=\"display:inline-block;width:25px;height:25px;background:url(\'/views/assets/css/plugins/summernote/img/emoji_spritesheet_0.png\') -250px -150px no-repeat;background-size:675px 175px;\" alt=\":heart:\"><span style=\"color: rgb(0, 0, 0); font-family: \" open=\"\" sans\",=\"\" arial,=\"\" sans-serif;=\"\" font-size:=\"\" 14px;=\"\" text-align:=\"\" justify;\"=\"\">Lorem ipsum dolor sit amet, consectetur adipiscing elit. Donec eget aliquam urna, eu pharetra nisi. Maecenas lacinia tristique tincidunt. Aliquam in auctor metus. Pellentesque neque ante, rutrum ut est at, lacinia aliquet neque. Donec vitae ex orci.</span><img src=\"/views/assets/css/plugins/summernote/img/blank.gif\" class=\"img\" style=\"display:inline-block;width:25px;height:25px;background:url(\'/views/assets/css/plugins/summernote/img/emoji_spritesheet_0.png\') -75px -75px no-repeat;background-size:675px 175px;\" alt=\":see_no_evil:\"></p><p><img src=\"/views/assets/img/products/accesorio-2/553123217.jpg\" style=\"width: 100%;\" class=\"img-fluid\"><span style=\"color: rgb(0, 0, 0); font-family: \" open=\"\" sans\",=\"\" arial,=\"\" sans-serif;=\"\" font-size:=\"\" 14px;=\"\" text-align:=\"\" justify;\"=\"\"><br></span></p><p><span style=\"color: rgb(0, 0, 0); font-family: \" open=\"\" sans\",=\"\" arial,=\"\" sans-serif;=\"\" font-size:=\"\" 14px;=\"\" text-align:=\"\" justify;\"=\"\"> Duis vehicula vehicula lacus, vel congue eros ultrices vel. Nam posuere elit ut ligula venenatis volutpat. Nullam ac lectus vel felis pretium auctor a ac massa. </span></p><p><span style=\"color: rgb(0, 0, 0); font-family: \" open=\"\" sans\",=\"\" arial,=\"\" sans-serif;=\"\" font-size:=\"\" 14px;=\"\" text-align:=\"\" justify;\"=\"\"><b>Fusce in fringilla ante. Vestibulum auctor accumsan dui, non pharetra urna gravida id. Sed in felis et urna posuere egestas vel feugiat eros. </b></span></p><p><span style=\"color: rgb(0, 0, 0); font-family: \" open=\"\" sans\",=\"\" arial,=\"\" sans-serif;=\"\" font-size:=\"\" 14px;=\"\" text-align:=\"\" justify;\"=\"\">Nunc malesuada, nibh id venenatis eleifend, mi augue rutrum purus, dignissim luctus justo lorem non risus. Nulla iaculis metus non justo consequat, ac placerat arcu fringilla. Praesent nec consectetur nunc. Aenean sollicitudin, diam vel mollis semper, est est tincidunt ligula, et accumsan mi risus quis erat. Nulla sagittis ex a consectetur mollis.</span>                                    \r\n           </p>', 0, 1, '2024-11-26', '2024-11-26 02:34:27'),
(43, 5, 17, 'Accesorio 3', 'accesorio-3', 'accesorio-3.jpg', 'Praesent a imperdiet velit, consectetur ullamcorper tellus. Nam suscipit suscipit sem, a tincidunt ex placerat eu. Nunc tristique mauris bibendum metus convallis porta. Maecenas fermentum tortor eu dolor efficitur, vitae lobortis felis rutrum. Proin dictum purus nec congue blandit. Vivamus rutrum consequat eros at placerat.', 'accesorio,maleta', '<p><img src=\"/views/assets/css/plugins/summernote/img/blank.gif\" class=\"img\" style=\"display:inline-block;width:25px;height:25px;background:url(\'/views/assets/css/plugins/summernote/img/emoji_spritesheet_0.png\') -250px -150px no-repeat;background-size:675px 175px;\" alt=\":heart:\"><span style=\"color: rgb(0, 0, 0); font-family: \" open=\"\" sans\",=\"\" arial,=\"\" sans-serif;=\"\" font-size:=\"\" 14px;=\"\" text-align:=\"\" justify;\"=\"\">Lorem ipsum dolor sit amet, consectetur adipiscing elit. Donec eget aliquam urna, eu pharetra nisi. Maecenas lacinia tristique tincidunt. Aliquam in auctor metus. Pellentesque neque ante, rutrum ut est at, lacinia aliquet neque. Donec vitae ex orci.</span><img src=\"/views/assets/css/plugins/summernote/img/blank.gif\" class=\"img\" style=\"display:inline-block;width:25px;height:25px;background:url(\'/views/assets/css/plugins/summernote/img/emoji_spritesheet_0.png\') -75px -75px no-repeat;background-size:675px 175px;\" alt=\":see_no_evil:\"></p><p><img src=\"/views/assets/img/products/accesorio-3/7956374711.jpg\" style=\"width: 100%;\" class=\"img-fluid\"><span style=\"color: rgb(0, 0, 0); font-family: \" open=\"\" sans\",=\"\" arial,=\"\" sans-serif;=\"\" font-size:=\"\" 14px;=\"\" text-align:=\"\" justify;\"=\"\"><br></span></p><p><span style=\"color: rgb(0, 0, 0); font-family: \" open=\"\" sans\",=\"\" arial,=\"\" sans-serif;=\"\" font-size:=\"\" 14px;=\"\" text-align:=\"\" justify;\"=\"\"> Duis vehicula vehicula lacus, vel congue eros ultrices vel. Nam posuere elit ut ligula venenatis volutpat. Nullam ac lectus vel felis pretium auctor a ac massa. </span></p><p><span style=\"color: rgb(0, 0, 0); font-family: \" open=\"\" sans\",=\"\" arial,=\"\" sans-serif;=\"\" font-size:=\"\" 14px;=\"\" text-align:=\"\" justify;\"=\"\"><b>Fusce in fringilla ante. Vestibulum auctor accumsan dui, non pharetra urna gravida id. Sed in felis et urna posuere egestas vel feugiat eros. </b></span></p><p><span style=\"color: rgb(0, 0, 0); font-family: \" open=\"\" sans\",=\"\" arial,=\"\" sans-serif;=\"\" font-size:=\"\" 14px;=\"\" text-align:=\"\" justify;\"=\"\">Nunc malesuada, nibh id venenatis eleifend, mi augue rutrum purus, dignissim luctus justo lorem non risus. Nulla iaculis metus non justo consequat, ac placerat arcu fringilla. Praesent nec consectetur nunc. Aenean sollicitudin, diam vel mollis semper, est est tincidunt ligula, et accumsan mi risus quis erat. Nulla sagittis ex a consectetur mollis.</span>                                    \r\n           </p>', 0, 1, '2024-11-26', '2024-11-26 02:35:29'),
(44, 5, 17, 'Accesorio 4', 'accesorio-4', 'accesorio-4.jpg', 'Praesent a imperdiet velit, consectetur ullamcorper tellus. Nam suscipit suscipit sem, a tincidunt ex placerat eu. Nunc tristique mauris bibendum metus convallis porta. Maecenas fermentum tortor eu dolor efficitur, vitae lobortis felis rutrum. Proin dictum purus nec congue blandit. Vivamus rutrum consequat eros at placerat.', 'accesorio,anillo', '<p><img src=\"/views/assets/css/plugins/summernote/img/blank.gif\" class=\"img\" style=\"display:inline-block;width:25px;height:25px;background:url(\'/views/assets/css/plugins/summernote/img/emoji_spritesheet_0.png\') -250px -150px no-repeat;background-size:675px 175px;\" alt=\":heart:\"><span style=\"color: rgb(0, 0, 0); font-family: \" open=\"\" sans\",=\"\" arial,=\"\" sans-serif;=\"\" font-size:=\"\" 14px;=\"\" text-align:=\"\" justify;\"=\"\">Lorem ipsum dolor sit amet, consectetur adipiscing elit. Donec eget aliquam urna, eu pharetra nisi. Maecenas lacinia tristique tincidunt. Aliquam in auctor metus. Pellentesque neque ante, rutrum ut est at, lacinia aliquet neque. Donec vitae ex orci.</span><img src=\"/views/assets/css/plugins/summernote/img/blank.gif\" class=\"img\" style=\"display:inline-block;width:25px;height:25px;background:url(\'/views/assets/css/plugins/summernote/img/emoji_spritesheet_0.png\') -75px -75px no-repeat;background-size:675px 175px;\" alt=\":see_no_evil:\"></p><p><img src=\"/views/assets/img/products/accesorio-4/7692160611.jpg\" style=\"width: 100%;\" class=\"img-fluid\"><span style=\"color: rgb(0, 0, 0); font-family: \" open=\"\" sans\",=\"\" arial,=\"\" sans-serif;=\"\" font-size:=\"\" 14px;=\"\" text-align:=\"\" justify;\"=\"\"><br></span></p><p><span style=\"color: rgb(0, 0, 0); font-family: \" open=\"\" sans\",=\"\" arial,=\"\" sans-serif;=\"\" font-size:=\"\" 14px;=\"\" text-align:=\"\" justify;\"=\"\"> Duis vehicula vehicula lacus, vel congue eros ultrices vel. Nam posuere elit ut ligula venenatis volutpat. Nullam ac lectus vel felis pretium auctor a ac massa. </span></p><p><span style=\"color: rgb(0, 0, 0); font-family: \" open=\"\" sans\",=\"\" arial,=\"\" sans-serif;=\"\" font-size:=\"\" 14px;=\"\" text-align:=\"\" justify;\"=\"\"><b>Fusce in fringilla ante. Vestibulum auctor accumsan dui, non pharetra urna gravida id. Sed in felis et urna posuere egestas vel feugiat eros. </b></span></p><p><span style=\"color: rgb(0, 0, 0); font-family: \" open=\"\" sans\",=\"\" arial,=\"\" sans-serif;=\"\" font-size:=\"\" 14px;=\"\" text-align:=\"\" justify;\"=\"\">Nunc malesuada, nibh id venenatis eleifend, mi augue rutrum purus, dignissim luctus justo lorem non risus. Nulla iaculis metus non justo consequat, ac placerat arcu fringilla. Praesent nec consectetur nunc. Aenean sollicitudin, diam vel mollis semper, est est tincidunt ligula, et accumsan mi risus quis erat. Nulla sagittis ex a consectetur mollis.</span>                                    \r\n           </p>', 0, 1, '2024-11-26', '2024-11-26 07:06:14');

-- --------------------------------------------------------

--
-- Estructura de tabla para la tabla `socials`
--

CREATE TABLE `socials` (
  `id_social` int(11) NOT NULL,
  `name_social` text DEFAULT NULL,
  `url_social` text DEFAULT NULL,
  `icon_social` text DEFAULT NULL,
  `color_social` text DEFAULT NULL,
  `date_created_social` date DEFAULT NULL,
  `date_updated_social` timestamp NOT NULL DEFAULT current_timestamp() ON UPDATE current_timestamp()
) ENGINE=InnoDB DEFAULT CHARSET=utf8 COLLATE=utf8_general_ci;

--
-- Volcado de datos para la tabla `socials`
--

INSERT INTO `socials` (`id_social`, `name_social`, `url_social`, `icon_social`, `color_social`, `date_created_social`, `date_updated_social`) VALUES
(1, 'facebook', 'https://facebook.com', 'fab fa-facebook-f', 'text-facebook', '2024-09-01', '2024-09-01 21:19:53'),
(2, 'youtube', 'https://youtube.com', 'fab fa-youtube', 'text-youtube', '2024-09-01', '2024-09-01 21:19:53'),
(3, 'twitter', 'https://twitter.com', 'fab fa-twitter', 'text-twitter', '2024-09-01', '2024-09-01 21:21:51'),
(4, 'instagram', 'https://instagram.com', 'fab fa-instagram', 'text-instagram', '2024-09-01', '2024-09-01 21:21:51');

-- --------------------------------------------------------

--
-- Estructura de tabla para la tabla `subcategories`
--

CREATE TABLE `subcategories` (
  `id_subcategory` int(11) NOT NULL,
  `id_category_subcategory` int(11) NOT NULL DEFAULT 0,
  `name_subcategory` text DEFAULT NULL,
  `url_subcategory` text DEFAULT NULL,
  `image_subcategory` text DEFAULT NULL,
  `description_subcategory` text DEFAULT NULL,
  `keywords_subcategory` text DEFAULT NULL,
  `products_subcategory` int(11) NOT NULL DEFAULT 0,
  `views_subcategory` int(11) NOT NULL DEFAULT 0,
  `status_subcategory` int(11) NOT NULL DEFAULT 1,
  `date_created_subcategory` date DEFAULT NULL,
  `date_updated_subcategory` timestamp NOT NULL DEFAULT current_timestamp() ON UPDATE current_timestamp()
) ENGINE=InnoDB DEFAULT CHARSET=utf8 COLLATE=utf8_general_ci;

--
-- Volcado de datos para la tabla `subcategories`
--

INSERT INTO `subcategories` (`id_subcategory`, `id_category_subcategory`, `name_subcategory`, `url_subcategory`, `image_subcategory`, `description_subcategory`, `keywords_subcategory`, `products_subcategory`, `views_subcategory`, `status_subcategory`, `date_created_subcategory`, `date_updated_subcategory`) VALUES
(1, 1, 'Ropa Para Dama', 'ropa-para-dama', 'ropa-para-dama.jpg', 'Lorem ipsum dolor sit amet, consectetur adipiscing elit. Donec quis finibus elit, a congue nulla. Donec suscipit sit amet lacus ut porta. Mauris lacinia tellus sit amet ipsum egestas aliquam.', 'ropa,lorem,ipsum', 9, 0, 1, '2024-11-26', '2024-11-26 01:19:58'),
(2, 1, 'Ropa Para Hombre', 'ropa-para-hombre', 'ropa-para-hombre.jpg', 'Lorem ipsum dolor sit amet, consectetur adipiscing elit. Donec quis finibus elit, a congue nulla. Donec suscipit sit amet lacus ut porta. Mauris lacinia tellus sit amet ipsum egestas aliquam.', 'ropa,lorem,ipsum', 6, 0, 1, '2024-11-26', '2024-11-26 01:42:10'),
(3, 1, 'Ropa Deportiva', 'ropa-deportiva', 'ropa-deportiva.jpg', 'Lorem ipsum dolor sit amet, consectetur adipiscing elit. Donec quis finibus elit, a congue nulla. Donec suscipit sit amet lacus ut porta. Mauris lacinia tellus sit amet ipsum egestas aliquam.', 'ropa,lorem,ipsum', 3, 0, 1, '2024-11-26', '2024-11-26 01:44:49'),
(4, 1, 'Ropa Infantil', 'ropa-infantil', 'ropa-infantil.jpg', 'Lorem ipsum dolor sit amet, consectetur adipiscing elit. Donec quis finibus elit, a congue nulla. Donec suscipit sit amet lacus ut porta. Mauris lacinia tellus sit amet ipsum egestas aliquam.', 'ropa,lorem,ipsum', 0, 0, 1, '2024-11-26', '2024-11-26 00:14:55'),
(5, 2, 'Calzado Para Dama', 'calzado-para-dama', 'calzado-para-dama.jpg', 'Lorem ipsum dolor sit amet, consectetur adipiscing elit. Donec quis finibus elit, a congue nulla. Donec suscipit sit amet lacus ut porta. Mauris lacinia tellus sit amet ipsum egestas aliquam.', 'ropa,lorem,ipsum', 0, 0, 1, '2024-11-26', '2024-11-26 00:15:46'),
(6, 2, 'Calzado Para Hombre', 'calzado-para-hombre', 'calzado-para-hombre.jpg', 'Lorem ipsum dolor sit amet, consectetur adipiscing elit. Donec quis finibus elit, a congue nulla. Donec suscipit sit amet lacus ut porta. Mauris lacinia tellus sit amet ipsum egestas aliquam.', 'ropa,lorem,ipsum', 1, 0, 1, '2024-11-26', '2024-11-26 01:57:33'),
(7, 2, 'Calzado Deportivo', 'calzado-deportivo', 'calzado-deportivo.jpg', 'Lorem ipsum dolor sit amet, consectetur adipiscing elit. Donec quis finibus elit, a congue nulla. Donec suscipit sit amet lacus ut porta. Mauris lacinia tellus sit amet ipsum egestas aliquam.', 'ropa,lorem,ipsum', 3, 0, 1, '2024-11-26', '2024-11-26 08:30:21'),
(8, 2, 'Calzado Infantil', 'calzado-infantil', 'calzado-infantil.jpg', 'Lorem ipsum dolor sit amet, consectetur adipiscing elit. Donec quis finibus elit, a congue nulla. Donec suscipit sit amet lacus ut porta. Mauris lacinia tellus sit amet ipsum egestas aliquam.', 'calzado,lorem,ipsum', 0, 0, 1, '2024-11-26', '2024-11-26 00:18:51'),
(9, 3, 'Teléfonos Móvil', 'telefonos-movil', 'telefonos-movil.jpg', 'Lorem ipsum dolor sit amet, consectetur adipiscing elit. Donec quis finibus elit, a congue nulla. Donec suscipit sit amet lacus ut porta. Mauris lacinia tellus sit amet ipsum egestas aliquam.', 'tecnologia,lorem,ipsum', 0, 0, 1, '2024-11-26', '2024-11-26 00:19:44'),
(10, 3, 'Tabletas Electrónicas', 'tabletas-electronicas', 'tabletas-electronicas.jpg', 'Lorem ipsum dolor sit amet, consectetur adipiscing elit. Donec quis finibus elit, a congue nulla. Donec suscipit sit amet lacus ut porta. Mauris lacinia tellus sit amet ipsum egestas aliquam.', 'tecnologia,lorem,ipsum', 0, 0, 1, '2024-11-26', '2024-11-26 00:20:40'),
(11, 3, 'Computadoras', 'computadoras', 'computadoras.jpg', 'Lorem ipsum dolor sit amet, consectetur adipiscing elit. Donec quis finibus elit, a congue nulla. Donec suscipit sit amet lacus ut porta. Mauris lacinia tellus sit amet ipsum egestas aliquam.', 'tecnologia,lorem,ipsum', 0, 0, 1, '2024-11-26', '2024-11-26 00:21:31'),
(12, 3, 'Auriculares', 'auriculares', 'auriculares.jpg', 'Lorem ipsum dolor sit amet, consectetur adipiscing elit. Donec quis finibus elit, a congue nulla. Donec suscipit sit amet lacus ut porta. Mauris lacinia tellus sit amet ipsum egestas aliquam.', 'tecnologia,lorem,ipsum', 0, 0, 1, '2024-11-26', '2024-11-26 00:22:15'),
(13, 4, 'Desarrollo Web', 'desarrollo-web', 'desarrollo-web.jpg', 'Lorem ipsum dolor sit amet, consectetur adipiscing elit. Donec quis finibus elit, a congue nulla. Donec suscipit sit amet lacus ut porta. Mauris lacinia tellus sit amet ipsum egestas aliquam.', 'cursos,lorem,ipsum', 18, 0, 1, '2024-11-26', '2024-11-26 02:30:59'),
(14, 4, 'Aplicaciones Móviles', 'aplicaciones-moviles', 'aplicaciones-moviles.jpg', 'Lorem ipsum dolor sit amet, consectetur adipiscing elit. Donec quis finibus elit, a congue nulla. Donec suscipit sit amet lacus ut porta. Mauris lacinia tellus sit amet ipsum egestas aliquam.', 'cursos,lorem,ipsum', 0, 0, 1, '2024-11-26', '2024-11-26 00:23:44'),
(15, 4, 'Diseño Gráfico', 'diseno-grafico', 'diseno-grafico.jpg', 'Lorem ipsum dolor sit amet, consectetur adipiscing elit. Donec quis finibus elit, a congue nulla. Donec suscipit sit amet lacus ut porta. Mauris lacinia tellus sit amet ipsum egestas aliquam.', 'cursos,lorem,ipsum', 0, 0, 1, '2024-11-26', '2024-11-26 00:24:48'),
(16, 4, 'Marketing Digital', 'marketing-digital', 'marketing-digital.jpg', 'Lorem ipsum dolor sit amet, consectetur adipiscing elit. Donec quis finibus elit, a congue nulla. Donec suscipit sit amet lacus ut porta. Mauris lacinia tellus sit amet ipsum egestas aliquam.', 'cursos,lorem,ipsum', 0, 0, 1, '2024-11-26', '2024-11-26 00:25:36'),
(17, 5, 'Variedades', 'variedades', 'variedades.jpg', 'Lorem ipsum dolor sit amet, consectetur adipiscing elit. Donec quis finibus elit, a congue nulla. Donec suscipit sit amet lacus ut porta. Mauris lacinia tellus sit amet ipsum egestas aliquam.', 'variedades,accesorios,lorem,ipsum', 4, 0, 1, '2024-11-26', '2024-11-26 02:36:42');

-- --------------------------------------------------------

--
-- Estructura de tabla para la tabla `templates`
--

CREATE TABLE `templates` (
  `id_template` int(11) NOT NULL,
  `logo_template` text DEFAULT NULL,
  `icon_template` text DEFAULT NULL,
  `cover_template` text DEFAULT NULL,
  `title_template` text DEFAULT NULL,
  `description_template` text DEFAULT NULL,
  `keywords_template` text DEFAULT NULL,
  `fonts_template` text DEFAULT NULL,
  `colors_template` text DEFAULT NULL,
  `active_template` text DEFAULT NULL,
  `date_created_template` date DEFAULT NULL,
  `date_updated_template` timestamp NOT NULL DEFAULT current_timestamp() ON UPDATE current_timestamp()
) ENGINE=InnoDB DEFAULT CHARSET=utf8 COLLATE=utf8_general_ci;

--
-- Volcado de datos para la tabla `templates`
--

INSERT INTO `templates` (`id_template`, `logo_template`, `icon_template`, `cover_template`, `title_template`, `description_template`, `keywords_template`, `fonts_template`, `colors_template`, `active_template`, `date_created_template`, `date_updated_template`) VALUES
(1, 'logo.png', 'icono.png', 'cover.jpg', 'Sistema Ecommerce', 'Lorem ipsum dolor sit amet, consectetur adipiscing elit. Curabitur vitae diam accumsan, semper mi sit amet, maximus lectus. Mauris a ipsum venenatis.', '[\"ecommerce\", \"comcercio electrónico\", \"moda\", \"sistemas\"]', '{\"fontFamily\":\"%3Clink%20rel%3D%22preconnect%22%20href%3D%22https%3A%2F%2Ffonts.googleapis.com%22%3E%0A%20%20%20%20%3Clink%20rel%3D%22preconnect%22%20href%3D%22https%3A%2F%2Ffonts.gstatic.com%22%20crossorigin%3E%0A%20%20%20%20%3Clink%20href%3D%22https%3A%2F%2Ffonts.googleapis.com%2Fcss2%3Ffamily%3DUbuntu%2BCondensed%26family%3DUbuntu%3Aital%2Cwght%400%2C300%3B0%2C400%3B0%2C500%3B0%2C700%3B1%2C300%3B1%2C400%3B1%2C500%3B1%2C700%26display%3Dswap%22%20rel%3D%22stylesheet%22%3E\",\"fontBody\":\"Ubuntu\",\"fontSlide\":\"Ubuntu Condensed\"}', '[{\"top\":{\"background\":\"black\",\"color\":\"white\"}},{\"template\":{\"background\":\"#00a6fb\",\"color\":\"white\"}}]', 'ok', '2024-09-01', '2024-09-01 21:36:30'),
(2, 'logo.png', 'icono.png', 'cover.jpg', 'Sistema Ecommerce', 'Lorem ipsum dolor sit amet, consectetur adipiscing elit. Curabitur vitae diam accumsan, semper mi sit amet, maximus lectus. Mauris a ipsum venenatis.', '[\"ecommerce\", \"comcercio electrónico\", \"moda\", \"sistemas\"]', '{\"fontFamily\":\"%3Clink%20rel%3D%22preconnect%22%20href%3D%22https%3A%2F%2Ffonts.googleapis.com%22%3E%0A%3Clink%20rel%3D%22preconnect%22%20href%3D%22https%3A%2F%2Ffonts.gstatic.com%22%20crossorigin%3E%0A%3Clink%20href%3D%22https%3A%2F%2Ffonts.googleapis.com%2Fcss2%3Ffamily%3DMontserrat%3Aital%2Cwght%400%2C100..900%3B1%2C100..900%26display%3Dswap%22%20rel%3D%22stylesheet%22%3E\",\"fontBody\":\"Montserrat\",\"fontSlide\":\"Montserrat\"}', '[{\"top\":{\"background\":\"#03f9b6\",\"color\":\"black\"}},{\"template\":{\"background\":\"#c147b5\",\"color\":\"white\"}}]', NULL, '2024-09-01', '2024-09-01 21:36:27');

-- --------------------------------------------------------

--
-- Estructura de tabla para la tabla `variants`
--

CREATE TABLE `variants` (
  `id_variant` int(11) NOT NULL,
  `id_product_variant` int(11) NOT NULL DEFAULT 0,
  `type_variant` text DEFAULT NULL,
  `media_variant` text DEFAULT NULL,
  `description_variant` text DEFAULT NULL,
  `cost_variant` double NOT NULL DEFAULT 0,
  `price_variant` double NOT NULL DEFAULT 0,
  `offer_variant` text DEFAULT NULL,
  `end_offer_variant` date DEFAULT NULL,
  `stock_variant` int(11) NOT NULL DEFAULT 0,
  `date_created_variant` date DEFAULT NULL,
  `date_updated_variant` timestamp NOT NULL DEFAULT current_timestamp() ON UPDATE current_timestamp()
) ENGINE=InnoDB DEFAULT CHARSET=utf8mb4 COLLATE=utf8mb4_general_ci;

--
-- Volcado de datos para la tabla `variants`
--

INSERT INTO `variants` (`id_variant`, `id_product_variant`, `type_variant`, `media_variant`, `description_variant`, `cost_variant`, `price_variant`, `offer_variant`, `end_offer_variant`, `stock_variant`, `date_created_variant`, `date_updated_variant`) VALUES
(1, 1, 'gallery', '[\"28828.jpg\",\"47015.jpg\"]', 'Conjunto Beige', 100, 200, '150', '0000-00-00', 100, '2024-11-26', '2024-11-26 00:33:24'),
(2, 1, 'gallery', '[\"62898.jpg\",\"26948.jpg\"]', 'Conjunto Blanco', 100, 200, '150', '0000-00-00', 100, '2024-11-26', '2024-11-26 00:33:25'),
(3, 1, 'gallery', '[\"68229.jpg\",\"96088.jpg\"]', 'Conjunto Azul', 100, 200, '150', '0000-00-00', 100, '2024-11-26', '2024-11-26 00:33:25'),
(4, 2, 'gallery', '[\"47947.jpg\",\"84808.jpg\"]', 'Conjunto Blanco', 100, 200, '150', '0000-00-00', 100, '2024-11-26', '2024-11-26 00:36:54'),
(5, 2, 'gallery', '[\"14739.jpg\",\"55771.jpg\"]', 'Conjunto Beige', 100, 200, '150', '0000-00-00', 100, '2024-11-26', '2024-11-26 00:36:54'),
(6, 2, 'gallery', '[\"37008.jpg\",\"33028.jpg\"]', 'Conjunto Azul', 100, 200, '150', '0000-00-00', 100, '2024-11-26', '2024-11-26 00:36:54'),
(7, 3, 'gallery', '[\"78047.jpg\",\"85707.jpg\"]', 'Conjunto Azul', 100, 200, '150', '0000-00-00', 100, '2024-11-26', '2024-11-26 00:39:15'),
(8, 3, 'gallery', '[\"55032.jpg\",\"79044.jpg\"]', 'Conjunto Blanco', 100, 200, '150', '0000-00-00', 100, '2024-11-26', '2024-11-26 00:39:15'),
(9, 3, 'gallery', '[\"58735.jpg\",\"82523.jpg\"]', 'Conjunto Beige', 100, 200, '150', '0000-00-00', 100, '2024-11-26', '2024-11-26 00:39:15'),
(10, 4, 'gallery', '[\"55090.jpg\",\"22436.jpg\"]', 'Conjunto Beige', 100, 200, '150', '0000-00-00', 100, '2024-11-26', '2024-11-26 00:41:35'),
(11, 4, 'gallery', '[\"88336.jpg\",\"42460.jpg\"]', 'Conjunto Blanco', 100, 200, '150', '0000-00-00', 100, '2024-11-26', '2024-11-26 00:41:35'),
(13, 5, 'gallery', '[\"54949.jpg\",\"72109.jpg\"]', 'Conjunto Blanco', 100, 200, '150', '0000-00-00', 100, '2024-11-26', '2024-11-26 00:44:26'),
(14, 5, 'gallery', '[\"61939.jpg\",\"91618.jpg\"]', 'Conjunto Beige', 100, 200, '150', '0000-00-00', 100, '2024-11-26', '2024-11-26 00:44:26'),
(15, 6, 'gallery', '[\"69546.jpg\",\"20506.jpg\"]', 'Conjunto Deportivo Verde', 100, 200, '150', '0000-00-00', 100, '2024-11-26', '2024-11-26 00:46:52'),
(16, 7, 'gallery', '[\"80426.jpg\",\"55679.jpg\"]', 'Conjunto Beige', 100, 200, '150', '0000-00-00', 100, '2024-11-26', '2024-11-26 00:49:01'),
(17, 7, 'gallery', '[\"72395.jpg\",\"46673.jpg\"]', 'Conjunto Blanco', 100, 200, '150', '0000-00-00', 100, '2024-11-26', '2024-11-26 00:49:02'),
(18, 7, 'gallery', '[\"16869.jpg\",\"88697.jpg\"]', 'Conjunto Azul', 100, 200, '150', '0000-00-00', 100, '2024-11-26', '2024-11-26 00:49:02'),
(19, 8, 'gallery', '[\"74882.jpg\",\"44753.jpg\"]', 'Conjunto Blanco', 100, 200, '150', '0000-00-00', 100, '2024-11-26', '2024-11-26 00:50:43'),
(20, 8, 'gallery', '[\"83174.jpg\",\"81902.jpg\"]', 'Conjunto Beige', 100, 200, '150', '0000-00-00', 100, '2024-11-26', '2024-11-26 00:50:43'),
(21, 8, 'gallery', '[\"16860.jpg\",\"78066.jpg\"]', 'Conjunto Azul', 100, 200, '150', '0000-00-00', 100, '2024-11-26', '2024-11-26 00:50:43'),
(22, 9, 'gallery', '[\"84807.jpg\",\"67094.jpg\"]', 'Conjunto Azul', 100, 200, '150', '0000-00-00', 100, '2024-11-26', '2024-11-26 00:52:22'),
(23, 9, 'gallery', '[\"34893.jpg\",\"33035.jpg\"]', 'Conjunto Blanco', 100, 200, '150', '0000-00-00', 100, '2024-11-26', '2024-11-26 00:52:22'),
(24, 9, 'gallery', '[\"73559.jpg\",\"26748.jpg\"]', 'Conjunto Beige', 100, 200, '150', '0000-00-00', 100, '2024-11-26', '2024-11-26 00:52:22'),
(25, 10, 'gallery', '[\"23637.jpg\",\"95338.jpg\"]', 'Conjunto Beige', 100, 200, '150', '0000-00-00', 100, '2024-11-26', '2024-11-26 00:53:57'),
(26, 10, 'gallery', '[\"31364.jpg\",\"49967.jpg\"]', 'Conjunto Blanco', 100, 200, '150', '0000-00-00', 100, '2024-11-26', '2024-11-26 00:53:57'),
(27, 11, 'gallery', '[\"98578.jpg\",\"27600.jpg\"]', 'Conjunto Blanco', 100, 200, '150', '0000-00-00', 100, '2024-11-26', '2024-11-26 00:56:14'),
(28, 11, 'gallery', '[\"88747.jpg\",\"18837.jpg\"]', 'Conjunto Beige', 100, 200, '150', '0000-00-00', 100, '2024-11-26', '2024-11-26 00:56:14'),
(29, 12, 'gallery', '[\"51282.jpg\",\"95877.jpg\"]', 'Conjunto Deportivo Verde', 100, 200, '150', '0000-00-00', 100, '2024-11-26', '2024-11-26 00:57:54'),
(30, 13, 'gallery', '[\"58942.jpg\",\"82037.jpg\"]', 'Conjunto Beige', 100, 200, '150', '0000-00-00', 100, '2024-11-26', '2024-11-26 01:00:19'),
(31, 13, 'gallery', '[\"50104.jpg\",\"14337.jpg\"]', 'Conjunto Blanco', 100, 200, '150', '0000-00-00', 100, '2024-11-26', '2024-11-26 01:00:19'),
(32, 13, 'gallery', '[\"57143.jpg\",\"35421.jpg\"]', 'Conjunto Azul', 100, 200, '150', '0000-00-00', 100, '2024-11-26', '2024-11-26 01:00:19'),
(33, 14, 'gallery', '[\"71781.jpg\",\"18921.jpg\"]', 'Conjunto Blanco', 100, 200, '150', '0000-00-00', 100, '2024-11-26', '2024-11-26 01:01:45'),
(34, 14, 'gallery', '[\"84223.jpg\",\"93685.jpg\"]', 'Conjunto Beige', 100, 200, '150', '0000-00-00', 100, '2024-11-26', '2024-11-26 01:01:45'),
(35, 14, 'gallery', '[\"37363.jpg\",\"40882.jpg\"]', 'Conjunto Azul', 100, 200, '150', '0000-00-00', 100, '2024-11-26', '2024-11-26 01:01:46'),
(36, 15, 'gallery', '[\"36604.jpg\",\"70236.jpg\"]', 'Conjunto Azul', 100, 200, '150', '0000-00-00', 100, '2024-11-26', '2024-11-26 01:19:58'),
(37, 15, 'gallery', '[\"14735.jpg\",\"62813.jpg\"]', 'Conjunto Blanco', 100, 200, '150', '0000-00-00', 100, '2024-11-26', '2024-11-26 01:19:58'),
(38, 15, 'gallery', '[\"77206.jpg\",\"36148.jpg\"]', 'Conjunto Beige', 100, 200, '150', '0000-00-00', 100, '2024-11-26', '2024-11-26 01:19:59'),
(39, 16, 'gallery', '[\"33576.jpg\",\"98293.jpg\"]', 'Conjunto Beige', 100, 200, '150', '0000-00-00', 100, '2024-11-26', '2024-11-26 01:21:26'),
(40, 16, 'gallery', '[\"33782.jpg\",\"13081.jpg\"]', 'Conjunto Blanco', 100, 200, '150', '0000-00-00', 100, '2024-11-26', '2024-11-26 01:21:26'),
(41, 17, 'gallery', '[\"48939.jpg\",\"54639.jpg\"]', 'Conjunto Blanco', 100, 200, '150', '0000-00-00', 100, '2024-11-26', '2024-11-26 01:42:10'),
(42, 17, 'gallery', '[\"98795.jpg\",\"50976.jpg\"]', 'Conjunto Beige', 100, 200, '150', '0000-00-00', 100, '2024-11-26', '2024-11-26 01:42:10'),
(43, 18, 'gallery', '[\"92258.jpg\",\"22880.jpg\"]', 'Conjunto Deportivo Verde', 100, 200, '150', '0000-00-00', 100, '2024-11-26', '2024-11-26 01:44:49'),
(44, 19, 'gallery', '[\"14359.jpg\",\"91367.jpg\",\"66028.jpg\",\"58641.jpg\",\"65017.jpg\"]', 'Tennis Verde', 100, 200, '150', '0000-00-00', 0, '2024-11-26', '2024-11-26 08:45:13'),
(45, 19, 'gallery', '[\"14794.jpg\",\"45100.jpg\",\"45295.jpg\",\"82814.jpg\",\"22253.jpg\"]', 'Tennis Azul', 100, 200, '150', '0000-00-00', 100, '2024-11-26', '2024-11-26 08:30:21'),
(46, 19, 'gallery', '[\"90174.jpg\",\"27010.jpg\",\"76496.jpg\",\"78968.jpg\",\"90971.jpg\"]', 'Tennis Rojo', 100, 200, '150', '0000-00-00', 100, '2024-11-26', '2024-11-26 08:30:21'),
(47, 20, 'gallery', '[\"60976.jpg\",\"64284.jpg\",\"52826.jpg\",\"21908.jpg\",\"76025.jpg\"]', 'Tennis Azul', 100, 200, '150', '0000-00-00', 100, '2024-11-26', '2024-11-26 01:53:47'),
(48, 20, 'gallery', '[\"42324.jpg\",\"78328.jpg\",\"20622.jpg\",\"73165.jpg\",\"12261.jpg\"]', 'Tennis Verde', 100, 200, '150', '0000-00-00', 100, '2024-11-26', '2024-11-26 01:53:47'),
(49, 20, 'gallery', '[\"41083.jpg\",\"83912.jpg\",\"72576.jpg\"]', 'Tennis Rojo', 100, 200, '150', '0000-00-00', 100, '2024-11-26', '2024-11-26 01:53:47'),
(50, 21, 'gallery', '[\"17240.jpg\",\"46626.jpg\",\"93553.jpg\",\"86851.jpg\",\"38784.jpg\"]', 'Tennis Rojo', 100, 200, '150', '0000-00-00', 100, '2024-11-26', '2024-11-26 01:55:42'),
(51, 21, 'gallery', '[\"59983.jpg\",\"23306.jpg\",\"19385.jpg\",\"19282.jpg\",\"85524.jpg\"]', 'Tennis Verde', 100, 200, '150', '0000-00-00', 100, '2024-11-26', '2024-11-26 01:55:43'),
(52, 21, 'gallery', '[\"57360.jpg\",\"46794.jpg\",\"50349.jpg\",\"28482.jpg\",\"52731.jpg\"]', 'Tennis Azul', 100, 200, '150', '0000-00-00', 100, '2024-11-26', '2024-11-26 01:55:43'),
(53, 22, 'gallery', '[\"43963.jpg\",\"90801.jpg\"]', 'Calzado Masculino', 100, 200, '150', '0000-00-00', 100, '2024-11-26', '2024-11-26 01:57:33'),
(54, 23, 'video', 'https://youtu.be/sj8dV_gPKYw', 'Curso de CSS', 10, 30, '19', '0000-00-00', 0, '2024-11-26', '2024-11-26 01:59:49'),
(55, 24, 'video', 'https://youtu.be/OVLptbCMny0', 'Curso de Bootstrap', 10, 30, '19', '0000-00-00', 0, '2024-11-26', '2024-11-26 02:02:15'),
(56, 25, 'video', 'https://youtu.be/Sl5FaskVpD4', 'Curso de javascript', 10, 30, '19', '0000-00-00', 0, '2024-11-26', '2024-11-26 02:04:16'),
(57, 26, 'video', 'https://youtu.be/OVLptbCMny0', 'Curso de Bootstrap', 10, 30, '19', '0000-00-00', 0, '2024-11-26', '2024-11-26 02:06:27'),
(58, 27, 'video', 'https://youtu.be/QnQ9uhaa9sk', 'Curso de jQuery', 10, 30, '19', '0000-00-00', 0, '2024-11-26', '2024-11-26 02:09:01'),
(59, 28, 'video', 'https://youtu.be/ntiWg5GIzAc', 'Curso de Canvas', 10, 30, '19', '0000-00-00', 0, '2024-11-26', '2024-11-26 02:10:58'),
(60, 29, 'video', 'https://youtu.be/hZsQ_vVPwW0', 'Curso de PHP', 10, 30, '19', '0000-00-00', 0, '2024-11-26', '2024-11-26 02:13:39'),
(61, 30, 'video', 'https://youtu.be/sj8dV_gPKYw', 'Curso de CSS', 10, 30, '19', '0000-00-00', 0, '2024-11-26', '2024-11-26 02:16:55'),
(62, 31, 'video', 'https://youtu.be/OVLptbCMny0', 'Curso de Bootstrap', 10, 30, '19', '0000-00-00', 0, '2024-11-26', '2024-11-26 02:19:09'),
(63, 32, 'video', 'https://youtu.be/Sl5FaskVpD4', 'Curso de javascript', 10, 30, '19', '0000-00-00', 0, '2024-11-26', '2024-11-26 02:20:45'),
(64, 33, 'video', 'https://youtu.be/QnQ9uhaa9sk', 'Curso de jQuery', 10, 30, '19', '0000-00-00', 0, '2024-11-26', '2024-11-26 02:22:16'),
(65, 34, 'video', 'https://youtu.be/ntiWg5GIzAc', 'Curso de Canvas', 10, 30, '19', '0000-00-00', 0, '2024-11-26', '2024-11-26 02:23:34'),
(66, 35, 'video', 'https://youtu.be/hZsQ_vVPwW0', 'Curso de PHP', 10, 30, '19', '0000-00-00', 0, '2024-11-26', '2024-11-26 02:24:40'),
(67, 36, 'video', 'https://youtu.be/sj8dV_gPKYw', 'Curso de CSS', 10, 30, '19', '0000-00-00', 0, '2024-11-26', '2024-11-26 02:25:58'),
(68, 37, 'video', 'https://youtu.be/Sl5FaskVpD4', 'Curso de javascript', 10, 30, '19', '0000-00-00', 0, '2024-11-26', '2024-11-26 02:27:10'),
(69, 38, 'video', 'https://youtu.be/QnQ9uhaa9sk', 'Curso de jQuery', 10, 30, '19', '0000-00-00', 0, '2024-11-26', '2024-11-26 02:28:27'),
(70, 39, 'video', 'https://youtu.be/ntiWg5GIzAc', 'Curso de Canvas', 10, 30, '19', '0000-00-00', 0, '2024-11-26', '2024-11-26 02:29:56'),
(71, 40, 'video', 'https://youtu.be/hZsQ_vVPwW0', 'Curso de PHP', 10, 30, '19', '0000-00-00', 0, '2024-11-26', '2024-11-26 06:57:47'),
(72, 41, 'gallery', '[\"91484.jpg\"]', 'Collar', 10, 0, '0', '0000-00-00', 100, '2024-11-26', '2024-11-26 06:46:33'),
(73, 42, 'gallery', '[\"28581.jpg\"]', 'Maleta Gris', 10, 0, '0', '0000-00-00', 100, '2024-11-26', '2024-11-26 06:46:27'),
(74, 43, 'gallery', '[\"15932.jpg\"]', 'Maleta Verde', 10, 0, '0', '0000-00-00', 100, '2024-11-26', '2024-11-26 06:46:25'),
(75, 44, 'gallery', '[\"39047.jpg\"]', 'Anillo', 10, 0, '0', '0000-00-00', 100, '2024-11-26', '2024-11-26 06:57:50');

--
-- Índices para tablas volcadas
--

--
-- Indices de la tabla `admins`
--
ALTER TABLE `admins`
  ADD PRIMARY KEY (`id_admin`);

--
-- Indices de la tabla `categories`
--
ALTER TABLE `categories`
  ADD PRIMARY KEY (`id_category`);

--
-- Indices de la tabla `products`
--
ALTER TABLE `products`
  ADD PRIMARY KEY (`id_product`),
  ADD KEY `id_category_product` (`id_category_product`),
  ADD KEY `id_subcategory_product` (`id_subcategory_product`);

--
-- Indices de la tabla `socials`
--
ALTER TABLE `socials`
  ADD PRIMARY KEY (`id_social`);

--
-- Indices de la tabla `subcategories`
--
ALTER TABLE `subcategories`
  ADD PRIMARY KEY (`id_subcategory`),
  ADD KEY `id_category_subcategory` (`id_category_subcategory`);

--
-- Indices de la tabla `templates`
--
ALTER TABLE `templates`
  ADD PRIMARY KEY (`id_template`);

--
-- Indices de la tabla `variants`
--
ALTER TABLE `variants`
  ADD PRIMARY KEY (`id_variant`),
  ADD KEY `id_product_variant` (`id_product_variant`);

--
-- AUTO_INCREMENT de las tablas volcadas
--

--
-- AUTO_INCREMENT de la tabla `admins`
--
ALTER TABLE `admins`
  MODIFY `id_admin` int(11) NOT NULL AUTO_INCREMENT, AUTO_INCREMENT=6;

--
-- AUTO_INCREMENT de la tabla `categories`
--
ALTER TABLE `categories`
  MODIFY `id_category` int(11) NOT NULL AUTO_INCREMENT, AUTO_INCREMENT=6;

--
-- AUTO_INCREMENT de la tabla `products`
--
ALTER TABLE `products`
  MODIFY `id_product` int(11) NOT NULL AUTO_INCREMENT, AUTO_INCREMENT=45;

--
-- AUTO_INCREMENT de la tabla `socials`
--
ALTER TABLE `socials`
  MODIFY `id_social` int(11) NOT NULL AUTO_INCREMENT, AUTO_INCREMENT=5;

--
-- AUTO_INCREMENT de la tabla `subcategories`
--
ALTER TABLE `subcategories`
  MODIFY `id_subcategory` int(11) NOT NULL AUTO_INCREMENT, AUTO_INCREMENT=18;

--
-- AUTO_INCREMENT de la tabla `templates`
--
ALTER TABLE `templates`
  MODIFY `id_template` int(11) NOT NULL AUTO_INCREMENT, AUTO_INCREMENT=3;

--
-- AUTO_INCREMENT de la tabla `variants`
--
ALTER TABLE `variants`
  MODIFY `id_variant` int(11) NOT NULL AUTO_INCREMENT, AUTO_INCREMENT=76;

--
-- Restricciones para tablas volcadas
--

--
-- Filtros para la tabla `products`
--
ALTER TABLE `products`
  ADD CONSTRAINT `products_ibfk_1` FOREIGN KEY (`id_category_product`) REFERENCES `categories` (`id_category`),
  ADD CONSTRAINT `products_ibfk_2` FOREIGN KEY (`id_subcategory_product`) REFERENCES `subcategories` (`id_subcategory`);

--
-- Filtros para la tabla `subcategories`
--
ALTER TABLE `subcategories`
  ADD CONSTRAINT `subcategories_ibfk_1` FOREIGN KEY (`id_category_subcategory`) REFERENCES `categories` (`id_category`);

--
-- Filtros para la tabla `variants`
--
ALTER TABLE `variants`
  ADD CONSTRAINT `variants_ibfk_1` FOREIGN KEY (`id_product_variant`) REFERENCES `products` (`id_product`);
COMMIT;

/*!40101 SET CHARACTER_SET_CLIENT=@OLD_CHARACTER_SET_CLIENT */;
/*!40101 SET CHARACTER_SET_RESULTS=@OLD_CHARACTER_SET_RESULTS */;
/*!40101 SET COLLATION_CONNECTION=@OLD_COLLATION_CONNECTION */;
